{
    "buyHistory": [
        {
            "date": "2015-05-26",
            "Pay": 1000,
            "StockPrice": "4854.850098",
            "stockBuy": 0.2059795832649826,
            "accumulateResult": {
                "resProfitPerYear": 0,
                "resProfitTotal": 0,
                "duration": 0.0776255707762557,
                "stockTotal": 0.2059795832649826,
                "inputAmount": 1000,
                "outputAmount": 1000,
                "profitAmount": 0
            }
        },
        {
            "date": "2015-07-08",
            "Pay": 1000,
            "StockPrice": "3467.398926",
            "stockBuy": 0.28840061998681027,
            "accumulateResult": {
                "resProfitPerYear": -73.1159678876013,
                "resProfitTotal": -14.289330710453585,
                "duration": 0.19543378995433788,
                "stockTotal": 0.4943802032517929,
                "inputAmount": 2000,
                "outputAmount": 1714.2133857909282,
                "profitAmount": -285.7866142090718
            }
        },
        {
            "date": "2015-08-19",
            "Pay": 1000,
            "StockPrice": "3646.802979",
            "stockBuy": 0.27421278466603993,
            "accumulateResult": {
                "resProfitPerYear": -21.158491981852546,
                "resProfitTotal": -6.569760067424535,
                "duration": 0.3105022831050228,
                "stockTotal": 0.7685929879178328,
                "inputAmount": 3000,
                "outputAmount": 2802.907197977264,
                "profitAmount": -197.09280202273612
            }
        },
        {
            "date": "2015-10-09",
            "Pay": 1000,
            "StockPrice": "3146.644043",
            "stockBuy": 0.31779889505601766,
            "accumulateResult": {
                "resProfitPerYear": -32.289809387377026,
                "resProfitTotal": -14.537786326919521,
                "duration": 0.4502283105022831,
                "stockTotal": 1.0863918829738504,
                "inputAmount": 4000,
                "outputAmount": 3418.488546923219,
                "profitAmount": -581.511453076781
            }
        },
        {
            "date": "2015-11-20",
            "Pay": 1000,
            "StockPrice": "3620.791016",
            "stockBuy": 0.2761827444834778,
            "accumulateResult": {
                "resProfitPerYear": -2.3492802309818894,
                "resProfitTotal": -1.3280406054591687,
                "duration": 0.5652968036529681,
                "stockTotal": 1.3625746274573283,
                "inputAmount": 5000,
                "outputAmount": 4933.597969727041,
                "profitAmount": -66.40203027295865
            }
        },
        {
            "date": "2016-01-04",
            "Pay": 1000,
            "StockPrice": "3536.589111",
            "stockBuy": 0.2827583212563932,
            "accumulateResult": {
                "resProfitPerYear": -4.384197248506568,
                "resProfitTotal": -3.0188901601588602,
                "duration": 0.6885844748858447,
                "stockTotal": 1.6453329487137216,
                "inputAmount": 6000,
                "outputAmount": 5818.866590390468,
                "profitAmount": -181.13340960953155
            }
        },
        {
            "date": "2016-02-22",
            "Pay": 1000,
            "StockPrice": "2888.597900",
            "stockBuy": 0.34618871667808104,
            "accumulateResult": {
                "resProfitPerYear": -21.655108546083483,
                "resProfitTotal": -17.818495707781935,
                "duration": 0.8228310502283105,
                "stockTotal": 1.9915216653918026,
                "inputAmount": 7000,
                "outputAmount": 5752.7053004552645,
                "profitAmount": -1247.2946995447355
            }
        },
        {
            "date": "2016-04-05",
            "Pay": 1000,
            "StockPrice": "3000.937988",
            "stockBuy": 0.33322914502024026,
            "accumulateResult": {
                "resProfitPerYear": -13.602012664305608,
                "resProfitTotal": -12.794587255008928,
                "duration": 0.9406392694063926,
                "stockTotal": 2.324750810412043,
                "inputAmount": 8000,
                "outputAmount": 6976.433019599286,
                "profitAmount": -1023.5669804007139
            }
        },
        {
            "date": "2016-05-18",
            "Pay": 1000,
            "StockPrice": "2828.177979",
            "stockBuy": 0.35358453655508076,
            "accumulateResult": {
                "resProfitPerYear": -14.961020915603779,
                "resProfitTotal": -15.835455014780619,
                "duration": 1.0584474885844748,
                "stockTotal": 2.678335346967124,
                "inputAmount": 9000,
                "outputAmount": 7574.809048669745,
                "profitAmount": -1425.1909513302553
            }
        },
        {
            "date": "2016-07-01",
            "Pay": 1000,
            "StockPrice": "2931.802002",
            "stockBuy": 0.3410871536747112,
            "accumulateResult": {
                "resProfitPerYear": -9.734143448250899,
                "resProfitTotal": -11.476510677344208,
                "duration": 1.1789954337899542,
                "stockTotal": 3.019422500641835,
                "inputAmount": 10000,
                "outputAmount": 8852.348932265579,
                "profitAmount": -1147.6510677344213
            }
        },
        {
            "date": "2016-08-12",
            "Pay": 1000,
            "StockPrice": "3000.272949",
            "stockBuy": 0.3333030084257177,
            "accumulateResult": {
                "resProfitPerYear": -6.609961140347658,
                "resProfitTotal": -8.553712270203317,
                "duration": 1.2940639269406393,
                "stockTotal": 3.352725509067553,
                "inputAmount": 11000,
                "outputAmount": 10059.091650277634,
                "profitAmount": -940.9083497223655
            }
        },
        {
            "date": "2016-09-27",
            "Pay": 1000,
            "StockPrice": "2974.593018",
            "stockBuy": 0.336180443492186,
            "accumulateResult": {
                "resProfitPerYear": -6.026643568357941,
                "resProfitTotal": -8.558384245476347,
                "duration": 1.4200913242009134,
                "stockTotal": 3.6889059525597387,
                "inputAmount": 12000,
                "outputAmount": 10972.993890542839,
                "profitAmount": -1027.006109457161
            }
        },
        {
            "date": "2016-11-15",
            "Pay": 1000,
            "StockPrice": "3209.955078",
            "stockBuy": 0.31153083943562904,
            "accumulateResult": {
                "resProfitPerYear": -0.7857790735853829,
                "resProfitTotal": -1.2213661947418464,
                "duration": 1.5543378995433792,
                "stockTotal": 4.000436791995368,
                "inputAmount": 13000,
                "outputAmount": 12841.22239468356,
                "profitAmount": -158.7776053164398
            }
        },
        {
            "date": "2016-12-27",
            "Pay": 1000,
            "StockPrice": "3117.386963",
            "stockBuy": 0.32078147880545943,
            "accumulateResult": {
                "resProfitPerYear": -2.2638093766382745,
                "resProfitTotal": -3.7792178452006997,
                "duration": 1.669406392694064,
                "stockTotal": 4.321218270800827,
                "inputAmount": 14000,
                "outputAmount": 13470.909501671902,
                "profitAmount": -529.090498328098
            }
        },
        {
            "date": "2017-02-15",
            "Pay": 1000,
            "StockPrice": "3215.464111",
            "stockBuy": 0.31099709574709045,
            "accumulateResult": {
                "resProfitPerYear": -0.3885376448078693,
                "resProfitTotal": -0.7018515629497402,
                "duration": 1.806392694063927,
                "stockTotal": 4.632215366547918,
                "inputAmount": 15000,
                "outputAmount": 14894.722265557539,
                "profitAmount": -105.27773444246122
            }
        },
        {
            "date": "2017-03-29",
            "Pay": 1000,
            "StockPrice": "3252.864990",
            "stockBuy": 0.3074213049340237,
            "accumulateResult": {
                "resProfitPerYear": 0.22109213171991565,
                "resProfitTotal": 0.4248199498983585,
                "duration": 1.921461187214612,
                "stockTotal": 4.939636671481941,
                "inputAmount": 16000,
                "outputAmount": 16067.97119198374,
                "profitAmount": 67.97119198373912
            }
        },
        {
            "date": "2017-05-15",
            "Pay": 1000,
            "StockPrice": "3085.931885",
            "stockBuy": 0.3240512225369485,
            "accumulateResult": {
                "resProfitPerYear": -2.1708276593702975,
                "resProfitTotal": -4.450692324462391,
                "duration": 2.050228310502283,
                "stockTotal": 5.26368789401889,
                "inputAmount": 17000,
                "outputAmount": 16243.382304841394,
                "profitAmount": -756.6176951586058
            }
        },
        {
            "date": "2017-06-28",
            "Pay": 1000,
            "StockPrice": "3183.633057",
            "stockBuy": 0.31410655125635606,
            "accumulateResult": {
                "resProfitPerYear": -0.6202318390676177,
                "resProfitTotal": -1.3463845492819426,
                "duration": 2.1707762557077626,
                "stockTotal": 5.577794445275246,
                "inputAmount": 18000,
                "outputAmount": 17757.65078112925,
                "profitAmount": -242.3492188707496
            }
        },
        {
            "date": "2017-08-09",
            "Pay": 1000,
            "StockPrice": "3277.808105",
            "stockBuy": 0.3050819230310006,
            "accumulateResult": {
                "resProfitPerYear": 0.6514690279415531,
                "resProfitTotal": 1.4891570565641166,
                "duration": 2.2858447488584477,
                "stockTotal": 5.882876368306246,
                "inputAmount": 19000,
                "outputAmount": 19282.93984074718,
                "profitAmount": 282.93984074718173
            }
        },
        {
            "date": "2017-09-20",
            "Pay": 1000,
            "StockPrice": "3352.185059",
            "stockBuy": 0.298312886192003,
            "accumulateResult": {
                "resProfitPerYear": 1.5004504393866753,
                "resProfitTotal": 3.60245132890189,
                "duration": 2.4009132420091324,
                "stockTotal": 6.18118925449825,
                "inputAmount": 20000,
                "outputAmount": 20720.49026578038,
                "profitAmount": 720.4902657803796
            }
        },
        {
            "date": "2017-11-08",
            "Pay": 1000,
            "StockPrice": "3409.146973",
            "stockBuy": 0.2933285094247534,
            "accumulateResult": {
                "resProfitPerYear": 2.0146802301728273,
                "resProfitTotal": 5.107536364346821,
                "duration": 2.535159817351598,
                "stockTotal": 6.474517763923004,
                "inputAmount": 21000,
                "outputAmount": 22072.582636512834,
                "profitAmount": 1072.5826365128341
            }
        },
        {
            "date": "2017-12-20",
            "Pay": 1000,
            "StockPrice": "3296.739990",
            "stockBuy": 0.3033299571799109,
            "accumulateResult": {
                "resProfitPerYear": 0.591375513717702,
                "resProfitTotal": 1.5672801285924853,
                "duration": 2.6502283105022832,
                "stockTotal": 6.777847721102915,
                "inputAmount": 22000,
                "outputAmount": 22344.801628290345,
                "profitAmount": 344.8016282903445
            }
        },
        {
            "date": "2018-02-01",
            "Pay": 1000,
            "StockPrice": "3478.669922",
            "stockBuy": 0.2874661932354501,
            "accumulateResult": {
                "resProfitPerYear": 2.4784402171907165,
                "resProfitTotal": 6.860413057812842,
                "duration": 2.7680365296803653,
                "stockTotal": 7.065313914338365,
                "inputAmount": 23000,
                "outputAmount": 24577.895003296955,
                "profitAmount": 1577.895003296955
            }
        },
        {
            "date": "2018-03-22",
            "Pay": 1000,
            "StockPrice": "3281.264893",
            "stockBuy": 0.30476052150904476,
            "accumulateResult": {
                "resProfitPerYear": 0.2629632409422303,
                "resProfitTotal": 0.7631937714286829,
                "duration": 2.902283105022831,
                "stockTotal": 7.3700744358474095,
                "inputAmount": 24000,
                "outputAmount": 24183.166505142886,
                "profitAmount": 183.1665051428863
            }
        },
        {
            "date": "2018-05-09",
            "Pay": 1000,
            "StockPrice": "3160.137939",
            "stockBuy": 0.3164418830136389,
            "accumulateResult": {
                "resProfitPerYear": -0.935527076961967,
                "resProfitTotal": -2.8381926480983144,
                "duration": 3.0337899543378994,
                "stockTotal": 7.686516318861049,
                "inputAmount": 25000,
                "outputAmount": 24290.451837975423,
                "profitAmount": -709.5481620245773
            }
        },
        {
            "date": "2018-06-21",
            "Pay": 1000,
            "StockPrice": "2912.002930",
            "stockBuy": 0.34340624787764207,
            "accumulateResult": {
                "resProfitPerYear": -3.1935469585095455,
                "resProfitTotal": -10.064776761476201,
                "duration": 3.1515981735159815,
                "stockTotal": 8.02992256673869,
                "inputAmount": 26000,
                "outputAmount": 23383.158042016188,
                "profitAmount": -2616.841957983812
            }
        },
        {
            "date": "2018-08-02",
            "Pay": 1000,
            "StockPrice": "2815.343994",
            "stockBuy": 0.35519638173210033,
            "accumulateResult": {
                "resProfitPerYear": -3.8469452714820473,
                "resProfitTotal": -12.566687886841354,
                "duration": 3.2666666666666666,
                "stockTotal": 8.38511894847079,
                "inputAmount": 27000,
                "outputAmount": 23606.994270552834,
                "profitAmount": -3393.0057294471662
            }
        },
        {
            "date": "2018-09-13",
            "Pay": 1000,
            "StockPrice": "2679.208008",
            "stockBuy": 0.37324462938825315,
            "accumulateResult": {
                "resProfitPerYear": -4.788879451912398,
                "resProfitTotal": -16.194722018659004,
                "duration": 3.3817351598173513,
                "stockTotal": 8.758363577859043,
                "inputAmount": 28000,
                "outputAmount": 23465.47783477548,
                "profitAmount": -4534.52216522452
            }
        },
        {
            "date": "2018-11-02",
            "Pay": 1000,
            "StockPrice": "2649.250977",
            "stockBuy": 0.3774651811707155,
            "accumulateResult": {
                "resProfitPerYear": -4.700861777394335,
                "resProfitTotal": -16.54102322219212,
                "duration": 3.5187214611872144,
                "stockTotal": 9.135828759029758,
                "inputAmount": 29000,
                "outputAmount": 24203.103265564285,
                "profitAmount": -4796.896734435715
            }
        },
        {
            "date": "2018-12-14",
            "Pay": 1000,
            "StockPrice": "2627.282959",
            "stockBuy": 0.380621355067374,
            "accumulateResult": {
                "resProfitPerYear": -4.584371366038036,
                "resProfitTotal": -16.65864261686333,
                "duration": 3.6337899543378995,
                "stockTotal": 9.516450114097132,
                "inputAmount": 30000,
                "outputAmount": 25002.407214941002,
                "profitAmount": -4997.592785058998
            }
        },
        {
            "date": "2019-01-29",
            "Pay": 1000,
            "StockPrice": "2592.354980",
            "stockBuy": 0.3857496398892099,
            "accumulateResult": {
                "resProfitPerYear": -4.572959917967678,
                "resProfitTotal": -17.193494047737833,
                "duration": 3.759817351598173,
                "stockTotal": 9.902199753986343,
                "inputAmount": 31000,
                "outputAmount": 25670.016845201273,
                "profitAmount": -5329.983154798727
            }
        },
        {
            "date": "2019-03-19",
            "Pay": 1000,
            "StockPrice": "3099.896973",
            "stockBuy": 0.32259136632925767,
            "accumulateResult": {
                "resProfitPerYear": -0.24412233777787026,
                "resProfitTotal": -0.9506279893012226,
                "duration": 3.894063926940639,
                "stockTotal": 10.2247911203156,
                "inputAmount": 32000,
                "outputAmount": 31695.79904342361,
                "profitAmount": -304.20095657639104
            }
        },
        {
            "date": "2019-05-08",
            "Pay": 1000,
            "StockPrice": "2873.143066",
            "stockBuy": 0.34805088957585517,
            "accumulateResult": {
                "resProfitPerYear": -1.9715986043351805,
                "resProfitTotal": -7.947613004141996,
                "duration": 4.031050228310502,
                "stockTotal": 10.572842009891456,
                "inputAmount": 33000,
                "outputAmount": 30377.287708633143,
                "profitAmount": -2622.7122913668572
            }
        },
        {
            "date": "2019-06-20",
            "Pay": 1000,
            "StockPrice": "2917.331055",
            "stockBuy": 0.3427790611168742,
            "accumulateResult": {
                "resProfitPerYear": -1.528074240333459,
                "resProfitTotal": -6.3397637203971735,
                "duration": 4.148858447488585,
                "stockTotal": 10.91562107100833,
                "inputAmount": 34000,
                "outputAmount": 31844.48033506496,
                "profitAmount": -2155.51966493504
            }
        },
        {
            "date": "2019-08-01",
            "Pay": 1000,
            "StockPrice": "2920.850098",
            "stockBuy": 0.34236608057521756,
            "accumulateResult": {
                "resProfitPerYear": -1.4186165908214217,
                "resProfitTotal": -6.048877500041295,
                "duration": 4.263926940639269,
                "stockTotal": 11.257987151583547,
                "inputAmount": 35000,
                "outputAmount": 32882.89287498555,
                "profitAmount": -2117.1071250144523
            }
        },
        {
            "date": "2019-09-12",
            "Pay": 1000,
            "StockPrice": "3016.629883",
            "stockBuy": 0.33149575479425825,
            "accumulateResult": {
                "resProfitPerYear": -0.6589661638470683,
                "resProfitTotal": -2.885609822508395,
                "duration": 4.378995433789954,
                "stockTotal": 11.589482906377805,
                "inputAmount": 36000,
                "outputAmount": 34961.18046389698,
                "profitAmount": -1038.819536103023
            }
        },
        {
            "date": "2019-11-01",
            "Pay": 1000,
            "StockPrice": "2924.340088",
            "stockBuy": 0.3419574912314371,
            "accumulateResult": {
                "resProfitPerYear": -1.2618312457404723,
                "resProfitTotal": -5.698406858617933,
                "duration": 4.5159817351598175,
                "stockTotal": 11.931440397609242,
                "inputAmount": 37000,
                "outputAmount": 34891.58946231136,
                "profitAmount": -2108.4105376886364
            }
        },
        {
            "date": "2019-12-13",
            "Pay": 1000,
            "StockPrice": "2937.775879",
            "stockBuy": 0.3403935634260819,
            "accumulateResult": {
                "resProfitPerYear": -1.1070026191264355,
                "resProfitTotal": -5.126584732045803,
                "duration": 4.631050228310502,
                "stockTotal": 12.271833961035323,
                "inputAmount": 38000,
                "outputAmount": 36051.8978018226,
                "profitAmount": -1948.102198177403
            }
        },
        {
            "date": "2020-02-04",
            "Pay": 1000,
            "StockPrice": "2685.269043",
            "stockBuy": 0.3724021630558082,
            "accumulateResult": {
                "resProfitPerYear": -2.7093555224480954,
                "resProfitTotal": -12.94057477845072,
                "duration": 4.776255707762557,
                "stockTotal": 12.644236124091131,
                "inputAmount": 39000,
                "outputAmount": 33953.17583640422,
                "profitAmount": -5046.824163595782
            }
        },
        {
            "date": "2020-03-17",
            "Pay": 1000,
            "StockPrice": "2796.283936",
            "stockBuy": 0.3576174747942335,
            "accumulateResult": {
                "resProfitPerYear": -1.8620344376952536,
                "resProfitTotal": -9.107814108032674,
                "duration": 4.891324200913242,
                "stockTotal": 13.001853598885365,
                "inputAmount": 40000,
                "outputAmount": 36356.87435678693,
                "profitAmount": -3643.1256432130685
            }
        },
        {
            "date": "2020-04-29",
            "Pay": 1000,
            "StockPrice": "2801.383057",
            "stockBuy": 0.35696653390589844,
            "accumulateResult": {
                "resProfitPerYear": -1.7416129320516822,
                "resProfitTotal": -8.723969801190389,
                "duration": 5.009132420091324,
                "stockTotal": 13.358820132791264,
                "inputAmount": 41000,
                "outputAmount": 37423.17238151194,
                "profitAmount": -3576.8276184880597
            }
        },
        {
            "date": "2020-06-15",
            "Pay": 1000,
            "StockPrice": "2908.280029",
            "stockBuy": 0.3438458436011906,
            "accumulateResult": {
                "resProfitPerYear": -0.9957794447107999,
                "resProfitTotal": -5.116214754285808,
                "duration": 5.137899543378995,
                "stockTotal": 13.702665976392455,
                "inputAmount": 42000,
                "outputAmount": 39851.18980319996,
                "profitAmount": -2148.810196800041
            }
        },
        {
            "date": "2020-07-29",
            "Pay": 1000,
            "StockPrice": "3221.988037",
            "stockBuy": 0.3103673845204907,
            "accumulateResult": {
                "resProfitPerYear": 0.9507739714141077,
                "resProfitTotal": 4.999595002194002,
                "duration": 5.2584474885844745,
                "stockTotal": 14.013033360912946,
                "inputAmount": 43000,
                "outputAmount": 45149.825850943416,
                "profitAmount": 2149.8258509434163
            }
        },
        {
            "date": "2020-09-09",
            "Pay": 1000,
            "StockPrice": "3280.997070",
            "stockBuy": 0.30478539866541243,
            "accumulateResult": {
                "resProfitPerYear": 1.2590035890355784,
                "resProfitTotal": 6.7652759067446055,
                "duration": 5.373515981735159,
                "stockTotal": 14.317818759578358,
                "inputAmount": 44000,
                "outputAmount": 46976.721398967624,
                "profitAmount": 2976.721398967624
            }
        },
        {
            "date": "2020-10-29",
            "Pay": 1000,
            "StockPrice": "3235.760010",
            "stockBuy": 0.3090464054532895,
            "accumulateResult": {
                "resProfitPerYear": 0.939226893188687,
                "resProfitTotal": 5.175611939269897,
                "duration": 5.510502283105023,
                "stockTotal": 14.626865165031647,
                "inputAmount": 45000,
                "outputAmount": 47329.02537267146,
                "profitAmount": 2329.025372671458
            }
        },
        {
            "date": "2020-12-10",
            "Pay": 1000,
            "StockPrice": "3365.730957",
            "stockBuy": 0.29711228044541527,
            "accumulateResult": {
                "resProfitPerYear": 1.634652637755528,
                "resProfitTotal": 9.195854108286806,
                "duration": 5.625570776255708,
                "stockTotal": 14.923977445477062,
                "inputAmount": 46000,
                "outputAmount": 50230.09288981193,
                "profitAmount": 4230.092889811931
            }
        }
    ],
    "resProfitPerYear": 1.634652637755528,
    "resProfitTotal": 9.195854108286806,
    "duration": 5.625570776255708,
    "stockTotal": 14.923977445477062,
    "startPrice": "4072.722900",
    "endPrice": "3365.730957",
    "inputAmount": 46000,
    "outputAmount": 50230.09288981193,
    "profitAmount": 4230.092889811931,
    "startDate": "2015-4-28",
    "amountPerCycle": 1000,
    "cycleDuration": 30,
    "targetProfitPerYear": 10,
    "stockName": "SSE50_from_1997",
    "endDate": "2020-12-10"
}