{
    "buyHistory": [
        {
            "date": "2015-08-19",
            "Pay": 1000,
            "StockPrice": "3646.802979",
            "stockBuy": 0.27421278466603993,
            "accumulateResult": {
                "resProfitPerYear": 0,
                "resProfitTotal": 0,
                "duration": 0.04748858447488584,
                "stockTotal": 0.27421278466603993,
                "inputAmount": 1000,
                "outputAmount": 1000,
                "profitAmount": 0
            }
        },
        {
            "date": "2015-10-09",
            "Pay": 1000,
            "StockPrice": "3146.644043",
            "stockBuy": 0.31779889505601766,
            "accumulateResult": {
                "resProfitPerYear": -36.62907858651202,
                "resProfitTotal": -6.857498730808187,
                "duration": 0.1872146118721461,
                "stockTotal": 0.5920116797220576,
                "inputAmount": 2000,
                "outputAmount": 1862.8500253838363,
                "profitAmount": -137.14997461616372
            }
        },
        {
            "date": "2015-11-20",
            "Pay": 1000,
            "StockPrice": "3620.791016",
            "stockBuy": 0.2761827444834778,
            "accumulateResult": {
                "resProfitPerYear": 15.82959472091052,
                "resProfitTotal": 4.7850190434898465,
                "duration": 0.302283105022831,
                "stockTotal": 0.8681944242055354,
                "inputAmount": 3000,
                "outputAmount": 3143.5505713046955,
                "profitAmount": 143.5505713046955
            }
        },
        {
            "date": "2016-01-04",
            "Pay": 1000,
            "StockPrice": "3536.589111",
            "stockBuy": 0.2827583212563932,
            "accumulateResult": {
                "resProfitPerYear": 4.138380194713078,
                "resProfitTotal": 1.7611736719052917,
                "duration": 0.42557077625570777,
                "stockTotal": 1.1509527454619286,
                "inputAmount": 4000,
                "outputAmount": 4070.4469468762113,
                "profitAmount": 70.44694687621131
            }
        },
        {
            "date": "2016-02-22",
            "Pay": 1000,
            "StockPrice": "2888.597900",
            "stockBuy": 0.34618871667808104,
            "accumulateResult": {
                "resProfitPerYear": -24.127880800100655,
                "resProfitTotal": -13.50720632918877,
                "duration": 0.5598173515981736,
                "stockTotal": 1.4971414621400096,
                "inputAmount": 5000,
                "outputAmount": 4324.639683540561,
                "profitAmount": -675.3603164594388
            }
        },
        {
            "date": "2016-04-05",
            "Pay": 1000,
            "StockPrice": "3000.937988",
            "stockBuy": 0.33322914502024026,
            "accumulateResult": {
                "resProfitPerYear": -12.474227034486264,
                "resProfitTotal": -8.452855214236354,
                "duration": 0.6776255707762557,
                "stockTotal": 1.83037060716025,
                "inputAmount": 6000,
                "outputAmount": 5492.828687145819,
                "profitAmount": -507.17131285418145
            }
        },
        {
            "date": "2016-05-18",
            "Pay": 1000,
            "StockPrice": "2828.177979",
            "stockBuy": 0.35358453655508076,
            "accumulateResult": {
                "resProfitPerYear": -14.787729050114336,
                "resProfitTotal": -11.762659363150307,
                "duration": 0.7954337899543379,
                "stockTotal": 2.183955143715331,
                "inputAmount": 7000,
                "outputAmount": 6176.613844579479,
                "profitAmount": -823.3861554205214
            }
        },
        {
            "date": "2016-07-01",
            "Pay": 1000,
            "StockPrice": "2931.802002",
            "stockBuy": 0.3410871536747112,
            "accumulateResult": {
                "resProfitPerYear": -8.148032794466978,
                "resProfitTotal": -7.463449217214957,
                "duration": 0.9159817351598173,
                "stockTotal": 2.525042297390042,
                "inputAmount": 8000,
                "outputAmount": 7402.924062622804,
                "profitAmount": -597.0759373771962
            }
        },
        {
            "date": "2016-08-12",
            "Pay": 1000,
            "StockPrice": "3000.272949",
            "stockBuy": 0.3333030084257177,
            "accumulateResult": {
                "resProfitPerYear": -4.5712171101813635,
                "resProfitTotal": -4.713154445109369,
                "duration": 1.0310502283105023,
                "stockTotal": 2.8583453058157597,
                "inputAmount": 9000,
                "outputAmount": 8575.816099940157,
                "profitAmount": -424.1839000598429
            }
        },
        {
            "date": "2016-09-27",
            "Pay": 1000,
            "StockPrice": "2974.593018",
            "stockBuy": 0.336180443492186,
            "accumulateResult": {
                "resProfitPerYear": -4.300368439342265,
                "resProfitTotal": -4.975860102873653,
                "duration": 1.1570776255707762,
                "stockTotal": 3.194525749307946,
                "inputAmount": 10000,
                "outputAmount": 9502.413989712635,
                "profitAmount": -497.58601028736484
            }
        },
        {
            "date": "2016-11-15",
            "Pay": 1000,
            "StockPrice": "3209.955078",
            "stockBuy": 0.31153083943562904,
            "accumulateResult": {
                "resProfitPerYear": 1.7901578058255827,
                "resProfitTotal": 2.311674098116323,
                "duration": 1.291324200913242,
                "stockTotal": 3.506056588743575,
                "inputAmount": 11000,
                "outputAmount": 11254.284150792795,
                "profitAmount": 254.28415079279512
            }
        },
        {
            "date": "2016-12-27",
            "Pay": 1000,
            "StockPrice": "3117.386963",
            "stockBuy": 0.32078147880545943,
            "accumulateResult": {
                "resProfitPerYear": -0.4163423381386758,
                "resProfitTotal": -0.5855408225877268,
                "duration": 1.406392694063927,
                "stockTotal": 3.8268380675490343,
                "inputAmount": 12000,
                "outputAmount": 11929.735101289472,
                "profitAmount": -70.26489871052763
            }
        },
        {
            "date": "2017-02-15",
            "Pay": 1000,
            "StockPrice": "3215.464111",
            "stockBuy": 0.31099709574709045,
            "accumulateResult": {
                "resProfitPerYear": 1.5204424623108965,
                "resProfitTotal": 2.3466189600962695,
                "duration": 1.54337899543379,
                "stockTotal": 4.137835163296125,
                "inputAmount": 13000,
                "outputAmount": 13305.060464812514,
                "profitAmount": 305.0604648125136
            }
        },
        {
            "date": "2017-03-29",
            "Pay": 1000,
            "StockPrice": "3252.864990",
            "stockBuy": 0.3074213049340237,
            "accumulateResult": {
                "resProfitPerYear": 1.980419898911281,
                "resProfitTotal": 3.2844224076921336,
                "duration": 1.6584474885844749,
                "stockTotal": 4.4452564682301485,
                "inputAmount": 14000,
                "outputAmount": 14459.819137076898,
                "profitAmount": 459.8191370768982
            }
        },
        {
            "date": "2017-05-15",
            "Pay": 1000,
            "StockPrice": "3085.931885",
            "stockBuy": 0.3240512225369485,
            "accumulateResult": {
                "resProfitPerYear": -1.0528163986246781,
                "resProfitTotal": -1.8816088512406348,
                "duration": 1.7872146118721461,
                "stockTotal": 4.769307690767097,
                "inputAmount": 15000,
                "outputAmount": 14717.758672313905,
                "profitAmount": -282.24132768609525
            }
        },
        {
            "date": "2017-06-28",
            "Pay": 1000,
            "StockPrice": "3183.633057",
            "stockBuy": 0.31410655125635606,
            "accumulateResult": {
                "resProfitPerYear": 0.6019015005590522,
                "resProfitTotal": 1.1482851458153975,
                "duration": 1.9077625570776258,
                "stockTotal": 5.083414242023453,
                "inputAmount": 16000,
                "outputAmount": 16183.725623330463,
                "profitAmount": 183.72562333046335
            }
        },
        {
            "date": "2017-08-09",
            "Pay": 1000,
            "StockPrice": "3277.808105",
            "stockBuy": 0.3050819230310006,
            "accumulateResult": {
                "resProfitPerYear": 1.9264102029390842,
                "resProfitTotal": 3.8968023739818003,
                "duration": 2.0228310502283104,
                "stockTotal": 5.388496165054454,
                "inputAmount": 17000,
                "outputAmount": 17662.456403576907,
                "profitAmount": 662.4564035769072
            }
        },
        {
            "date": "2017-09-20",
            "Pay": 1000,
            "StockPrice": "3352.185059",
            "stockBuy": 0.298312886192003,
            "accumulateResult": {
                "resProfitPerYear": 2.7629308149340215,
                "resProfitTotal": 5.906868527635201,
                "duration": 2.1378995433789956,
                "stockTotal": 5.686809051246456,
                "inputAmount": 18000,
                "outputAmount": 19063.236334974335,
                "profitAmount": 1063.2363349743355
            }
        },
        {
            "date": "2017-11-08",
            "Pay": 1000,
            "StockPrice": "3409.146973",
            "stockBuy": 0.2933285094247534,
            "accumulateResult": {
                "resProfitPerYear": 3.213210378403737,
                "resProfitTotal": 7.300883489925569,
                "duration": 2.2721461187214613,
                "stockTotal": 5.98013756067121,
                "inputAmount": 19000,
                "outputAmount": 20387.16786308586,
                "profitAmount": 1387.1678630858587
            }
        },
        {
            "date": "2017-12-20",
            "Pay": 1000,
            "StockPrice": "3296.739990",
            "stockBuy": 0.3033299571799109,
            "accumulateResult": {
                "resProfitPerYear": 1.4974745848366144,
                "resProfitTotal": 3.5747932098291413,
                "duration": 2.387214611872146,
                "stockTotal": 6.283467517851121,
                "inputAmount": 20000,
                "outputAmount": 20714.95864196583,
                "profitAmount": 714.9586419658299
            }
        },
        {
            "date": "2018-02-01",
            "Pay": 1000,
            "StockPrice": "3478.669922",
            "stockBuy": 0.2874661932354501,
            "accumulateResult": {
                "resProfitPerYear": 3.5321595384492115,
                "resProfitTotal": 8.848140286727112,
                "duration": 2.5050228310502285,
                "stockTotal": 6.570933711086571,
                "inputAmount": 21000,
                "outputAmount": 22858.109460212694,
                "profitAmount": 1858.109460212694
            }
        },
        {
            "date": "2018-03-22",
            "Pay": 1000,
            "StockPrice": "3281.264893",
            "stockBuy": 0.30476052150904476,
            "accumulateResult": {
                "resProfitPerYear": 0.9661318653009355,
                "resProfitTotal": 2.5498822746298666,
                "duration": 2.6392694063926943,
                "stockTotal": 6.875694232595616,
                "inputAmount": 22000,
                "outputAmount": 22560.97410041857,
                "profitAmount": 560.9741004185707
            }
        },
        {
            "date": "2018-05-09",
            "Pay": 1000,
            "StockPrice": "3160.137939",
            "stockBuy": 0.3164418830136389,
            "accumulateResult": {
                "resProfitPerYear": -0.4265917994313084,
                "resProfitTotal": -1.1819904287439176,
                "duration": 2.7707762557077626,
                "stockTotal": 7.192136115609255,
                "inputAmount": 23000,
                "outputAmount": 22728.1422013889,
                "profitAmount": -271.8577986111013
            }
        },
        {
            "date": "2018-06-21",
            "Pay": 1000,
            "StockPrice": "2912.002930",
            "stockBuy": 0.34340624787764207,
            "accumulateResult": {
                "resProfitPerYear": -2.966387424167191,
                "resProfitTotal": -8.568660659945959,
                "duration": 2.8885844748858447,
                "stockTotal": 7.535542363486897,
                "inputAmount": 24000,
                "outputAmount": 21943.52144161297,
                "profitAmount": -2056.478558387029
            }
        },
        {
            "date": "2018-08-02",
            "Pay": 1000,
            "StockPrice": "2815.343994",
            "stockBuy": 0.35519638173210033,
            "accumulateResult": {
                "resProfitPerYear": -3.708625590319168,
                "resProfitTotal": -11.139424261698395,
                "duration": 3.0036529680365294,
                "stockTotal": 7.890738745218997,
                "inputAmount": 25000,
                "outputAmount": 22215.1439345754,
                "profitAmount": -2784.8560654245994
            }
        },
        {
            "date": "2018-09-13",
            "Pay": 1000,
            "StockPrice": "2679.208008",
            "stockBuy": 0.37324462938825315,
            "accumulateResult": {
                "resProfitPerYear": -4.759185914435032,
                "resProfitTotal": -14.842575249128432,
                "duration": 3.1187214611872145,
                "stockTotal": 8.26398337460725,
                "inputAmount": 26000,
                "outputAmount": 22140.930435226608,
                "profitAmount": -3859.069564773392
            }
        },
        {
            "date": "2018-11-02",
            "Pay": 1000,
            "StockPrice": "2649.250977",
            "stockBuy": 0.3774651811707155,
            "accumulateResult": {
                "resProfitPerYear": -4.671720116509728,
                "resProfitTotal": -15.209755447814777,
                "duration": 3.2557077625570776,
                "stockTotal": 8.641448555777965,
                "inputAmount": 27000,
                "outputAmount": 22893.36602909001,
                "profitAmount": -4106.633970909988
            }
        },
        {
            "date": "2018-12-14",
            "Pay": 1000,
            "StockPrice": "2627.282959",
            "stockBuy": 0.380621355067374,
            "accumulateResult": {
                "resProfitPerYear": -4.552225556199134,
                "resProfitTotal": -15.344533815462103,
                "duration": 3.3707762557077623,
                "stockTotal": 9.022069910845339,
                "inputAmount": 28000,
                "outputAmount": 23703.53053167061,
                "profitAmount": -4296.469468329389
            }
        },
        {
            "date": "2019-01-29",
            "Pay": 1000,
            "StockPrice": "2592.354980",
            "stockBuy": 0.3857496398892099,
            "accumulateResult": {
                "resProfitPerYear": -4.547593582280021,
                "resProfitTotal": -15.902041850730775,
                "duration": 3.4968036529680364,
                "stockTotal": 9.40781955073455,
                "inputAmount": 29000,
                "outputAmount": 24388.407863288074,
                "profitAmount": -4611.592136711926
            }
        },
        {
            "date": "2019-03-19",
            "Pay": 1000,
            "StockPrice": "3099.896973",
            "stockBuy": 0.32259136632925767,
            "accumulateResult": {
                "resProfitPerYear": 0.14988441138347866,
                "resProfitTotal": 0.5442378261741654,
                "duration": 3.631050228310502,
                "stockTotal": 9.730410917063807,
                "inputAmount": 30000,
                "outputAmount": 30163.27134785225,
                "profitAmount": 163.27134785224916
            }
        },
        {
            "date": "2019-05-08",
            "Pay": 1000,
            "StockPrice": "2873.143066",
            "stockBuy": 0.34805088957585517,
            "accumulateResult": {
                "resProfitPerYear": -1.7491246634376987,
                "resProfitTotal": -6.590765626798123,
                "duration": 3.7680365296803653,
                "stockTotal": 10.078461806639663,
                "inputAmount": 31000,
                "outputAmount": 28956.86265569258,
                "profitAmount": -2043.137344307419
            }
        },
        {
            "date": "2019-06-20",
            "Pay": 1000,
            "StockPrice": "2917.331055",
            "stockBuy": 0.3427790611168742,
            "accumulateResult": {
                "resProfitPerYear": -1.2849445295389879,
                "resProfitTotal": -4.993094952683464,
                "duration": 3.8858447488584473,
                "stockTotal": 10.421240867756536,
                "inputAmount": 32000,
                "outputAmount": 30402.20961514129,
                "profitAmount": -1597.7903848587084
            }
        },
        {
            "date": "2019-08-01",
            "Pay": 1000,
            "StockPrice": "2920.850098",
            "stockBuy": 0.34236608057521756,
            "accumulateResult": {
                "resProfitPerYear": -1.182394887838137,
                "resProfitTotal": -4.730659364035505,
                "duration": 4.0009132420091325,
                "stockTotal": 10.763606948331754,
                "inputAmount": 33000,
                "outputAmount": 31438.88240986828,
                "profitAmount": -1561.1175901317183
            }
        },
        {
            "date": "2019-09-12",
            "Pay": 1000,
            "StockPrice": "3016.629883",
            "stockBuy": 0.33149575479425825,
            "accumulateResult": {
                "resProfitPerYear": -0.37885438711130076,
                "resProfitTotal": -1.5593577376352807,
                "duration": 4.115981735159817,
                "stockTotal": 11.095102703126011,
                "inputAmount": 34000,
                "outputAmount": 33469.818369204004,
                "profitAmount": -530.1816307959962
            }
        },
        {
            "date": "2019-11-01",
            "Pay": 1000,
            "StockPrice": "2924.340088",
            "stockBuy": 0.3419574912314371,
            "accumulateResult": {
                "resProfitPerYear": -1.0440751503572054,
                "resProfitTotal": -4.440418242204114,
                "duration": 4.25296803652968,
                "stockTotal": 11.437060194357448,
                "inputAmount": 35000,
                "outputAmount": 33445.85361522856,
                "profitAmount": -1554.1463847714404
            }
        },
        {
            "date": "2019-12-13",
            "Pay": 1000,
            "StockPrice": "2937.775879",
            "stockBuy": 0.3403935634260819,
            "accumulateResult": {
                "resProfitPerYear": -0.8906114686322377,
                "resProfitTotal": -3.8902234287378934,
                "duration": 4.368036529680365,
                "stockTotal": 11.77745375778353,
                "inputAmount": 36000,
                "outputAmount": 34599.51956565436,
                "profitAmount": -1400.4804343456417
            }
        },
        {
            "date": "2020-02-04",
            "Pay": 1000,
            "StockPrice": "2685.269043",
            "stockBuy": 0.3724021630558082,
            "accumulateResult": {
                "resProfitPerYear": -2.619539622131075,
                "resProfitTotal": -11.822616267188835,
                "duration": 4.51324200913242,
                "stockTotal": 12.149855920839338,
                "inputAmount": 37000,
                "outputAmount": 32625.63198114013,
                "profitAmount": -4374.36801885987
            }
        },
        {
            "date": "2020-03-17",
            "Pay": 1000,
            "StockPrice": "2796.283936",
            "stockBuy": 0.3576174747942335,
            "accumulateResult": {
                "resProfitPerYear": -1.7202782188071237,
                "resProfitTotal": -7.961981746953883,
                "duration": 4.628310502283105,
                "stockTotal": 12.507473395633571,
                "inputAmount": 38000,
                "outputAmount": 34974.446936157525,
                "profitAmount": -3025.5530638424752
            }
        },
        {
            "date": "2020-04-29",
            "Pay": 1000,
            "StockPrice": "2801.383057",
            "stockBuy": 0.35696653390589844,
            "accumulateResult": {
                "resProfitPerYear": -1.6001068951196085,
                "resProfitTotal": -7.594297291266305,
                "duration": 4.746118721461187,
                "stockTotal": 12.86443992953947,
                "inputAmount": 39000,
                "outputAmount": 36038.22405640614,
                "profitAmount": -2961.775943593857
            }
        },
        {
            "date": "2020-06-15",
            "Pay": 1000,
            "StockPrice": "2908.280029",
            "stockBuy": 0.3438458436011906,
            "accumulateResult": {
                "resProfitPerYear": -0.8136632934488366,
                "resProfitTotal": -3.96651567162547,
                "duration": 4.874885844748858,
                "stockTotal": 13.20828577314066,
                "inputAmount": 40000,
                "outputAmount": 38413.39373134981,
                "profitAmount": -1586.60626865019
            }
        },
        {
            "date": "2020-07-29",
            "Pay": 1000,
            "StockPrice": "3221.988037",
            "stockBuy": 0.3103673845204907,
            "accumulateResult": {
                "resProfitPerYear": 1.2484273115523599,
                "resProfitTotal": 6.23643597643051,
                "duration": 4.995433789954338,
                "stockTotal": 13.518653157661152,
                "inputAmount": 41000,
                "outputAmount": 43556.93875033651,
                "profitAmount": 2556.938750336507
            }
        },
        {
            "date": "2020-09-09",
            "Pay": 1000,
            "StockPrice": "3280.997070",
            "stockBuy": 0.30478539866541243,
            "accumulateResult": {
                "resProfitPerYear": 1.562916638454584,
                "resProfitTotal": 7.987289049124979,
                "duration": 5.110502283105022,
                "stockTotal": 13.823438556326565,
                "inputAmount": 42000,
                "outputAmount": 45354.66140063249,
                "profitAmount": 3354.661400632489
            }
        },
        {
            "date": "2020-10-29",
            "Pay": 1000,
            "StockPrice": "3235.760010",
            "stockBuy": 0.3090464054532895,
            "accumulateResult": {
                "resProfitPerYear": 1.2095840183961046,
                "resProfitTotal": 6.347278328496819,
                "duration": 5.247488584474886,
                "stockTotal": 14.132484961779854,
                "inputAmount": 43000,
                "outputAmount": 45729.32968125363,
                "profitAmount": 2729.329681253628
            }
        },
        {
            "date": "2020-12-10",
            "Pay": 1000,
            "StockPrice": "3365.730957",
            "stockBuy": 0.29711228044541527,
            "accumulateResult": {
                "resProfitPerYear": 1.9351953949573315,
                "resProfitTotal": 10.377595761816849,
                "duration": 5.362557077625571,
                "stockTotal": 14.429597242225269,
                "inputAmount": 44000,
                "outputAmount": 48566.142135199414,
                "profitAmount": 4566.142135199414
            }
        }
    ],
    "resProfitPerYear": 1.9351953949573315,
    "resProfitTotal": 10.377595761816849,
    "duration": 5.362557077625571,
    "stockTotal": 14.429597242225269,
    "startPrice": "3467.398926",
    "endPrice": "3365.730957",
    "inputAmount": 44000,
    "outputAmount": 48566.142135199414,
    "profitAmount": 4566.142135199414,
    "startDate": "2015-8-2",
    "amountPerCycle": 1000,
    "cycleDuration": 30,
    "targetProfitPerYear": 10,
    "stockName": "SSE50_from_1997",
    "endDate": "2020-12-10"
}