{
    "buyHistory": [
        {
            "date": "2015-01-09",
            "Pay": 1000,
            "StockPrice": "3276.965088",
            "stockBuy": 0.3051604070064478,
            "accumulateResult": {
                "resProfitPerYear": 0,
                "resProfitTotal": 0,
                "duration": 0.0547945205479452,
                "stockTotal": 0.3051604070064478,
                "inputAmount": 1000,
                "outputAmount": 1000,
                "profitAmount": 0
            }
        },
        {
            "date": "2015-02-27",
            "Pay": 1000,
            "StockPrice": "3296.831055",
            "stockBuy": 0.30332157860603504,
            "accumulateResult": {
                "resProfitPerYear": 1.6034361594081894,
                "resProfitTotal": 0.3031153287648358,
                "duration": 0.18904109589041096,
                "stockTotal": 0.6084819856124828,
                "inputAmount": 2000,
                "outputAmount": 2006.0623065752966,
                "profitAmount": 6.062306575296589
            }
        },
        {
            "date": "2015-04-13",
            "Pay": 1000,
            "StockPrice": "4072.722900",
            "stockBuy": 0.2455359779080477,
            "accumulateResult": {
                "resProfitPerYear": 51.03367214038652,
                "resProfitTotal": 15.939283901380996,
                "duration": 0.31232876712328766,
                "stockTotal": 0.8540179635205305,
                "inputAmount": 3000,
                "outputAmount": 3478.1785170414296,
                "profitAmount": 478.1785170414296
            }
        },
        {
            "date": "2015-05-26",
            "Pay": 1000,
            "StockPrice": "4854.850098",
            "stockBuy": 0.2059795832649826,
            "accumulateResult": {
                "resProfitPerYear": 66.61419677872037,
                "resProfitTotal": 28.6532298472852,
                "duration": 0.4301369863013699,
                "stockTotal": 1.0599975467855132,
                "inputAmount": 4000,
                "outputAmount": 5146.129193891408,
                "profitAmount": 1146.1291938914082
            }
        },
        {
            "date": "2015-07-08",
            "Pay": 1000,
            "StockPrice": "3467.398926",
            "stockBuy": 0.28840061998681027,
            "accumulateResult": {
                "resProfitPerYear": -11.846646032034618,
                "resProfitTotal": -6.491312894265544,
                "duration": 0.547945205479452,
                "stockTotal": 1.3483981667723235,
                "inputAmount": 5000,
                "outputAmount": 4675.434355286723,
                "profitAmount": -324.5656447132769
            }
        },
        {
            "date": "2015-08-19",
            "Pay": 1000,
            "StockPrice": "3646.802979",
            "stockBuy": 0.27421278466603993,
            "accumulateResult": {
                "resProfitPerYear": -2.077824050677764,
                "resProfitTotal": -1.3776258089425175,
                "duration": 0.663013698630137,
                "stockTotal": 1.6226109514383635,
                "inputAmount": 6000,
                "outputAmount": 5917.342451463449,
                "profitAmount": -82.65754853655108
            }
        },
        {
            "date": "2015-10-09",
            "Pay": 1000,
            "StockPrice": "3146.644043",
            "stockBuy": 0.31779889505601766,
            "accumulateResult": {
                "resProfitPerYear": -15.913731554154934,
                "resProfitTotal": -12.774584507855879,
                "duration": 0.8027397260273973,
                "stockTotal": 1.940409846494381,
                "inputAmount": 7000,
                "outputAmount": 6105.779084450089,
                "profitAmount": -894.2209155499113
            }
        },
        {
            "date": "2015-11-20",
            "Pay": 1000,
            "StockPrice": "3620.791016",
            "stockBuy": 0.2761827444834778,
            "accumulateResult": {
                "resProfitPerYear": 0.35163309454663266,
                "resProfitTotal": 0.32273174430992313,
                "duration": 0.9178082191780822,
                "stockTotal": 2.216592590977859,
                "inputAmount": 8000,
                "outputAmount": 8025.8185395447945,
                "profitAmount": 25.818539544794476
            }
        },
        {
            "date": "2016-01-04",
            "Pay": 1000,
            "StockPrice": "3536.589111",
            "stockBuy": 0.2827583212563932,
            "accumulateResult": {
                "resProfitPerYear": -1.71638346248292,
                "resProfitTotal": -1.7869197691603,
                "duration": 1.0410958904109588,
                "stockTotal": 2.4993509122342523,
                "inputAmount": 9000,
                "outputAmount": 8839.177220775573,
                "profitAmount": -160.822779224427
            }
        },
        {
            "date": "2016-02-22",
            "Pay": 1000,
            "StockPrice": "2888.597900",
            "stockBuy": 0.34618871667808104,
            "accumulateResult": {
                "resProfitPerYear": -15.147756976650925,
                "resProfitTotal": -17.803802035570538,
                "duration": 1.1753424657534246,
                "stockTotal": 2.8455396289123334,
                "inputAmount": 10000,
                "outputAmount": 8219.619796442947,
                "profitAmount": -1780.3802035570534
            }
        },
        {
            "date": "2016-04-05",
            "Pay": 1000,
            "StockPrice": "3000.937988",
            "stockBuy": 0.33322914502024026,
            "accumulateResult": {
                "resProfitPerYear": -10.268873100957382,
                "resProfitTotal": -13.279200283977765,
                "duration": 1.2931506849315069,
                "stockTotal": 3.178768773932574,
                "inputAmount": 11000,
                "outputAmount": 9539.287968762446,
                "profitAmount": -1460.7120312375537
            }
        },
        {
            "date": "2016-05-18",
            "Pay": 1000,
            "StockPrice": "2828.177979",
            "stockBuy": 0.35358453655508076,
            "accumulateResult": {
                "resProfitPerYear": -11.870627765846905,
                "resProfitTotal": -16.74896794359221,
                "duration": 1.4109589041095891,
                "stockTotal": 3.5323533104876548,
                "inputAmount": 12000,
                "outputAmount": 9990.123846768935,
                "profitAmount": -2009.8761532310655
            }
        },
        {
            "date": "2016-07-01",
            "Pay": 1000,
            "StockPrice": "2931.802002",
            "stockBuy": 0.3410871536747112,
            "accumulateResult": {
                "resProfitPerYear": -8.256521463842754,
                "resProfitTotal": -12.644919173392054,
                "duration": 1.5315068493150685,
                "stockTotal": 3.873440464162366,
                "inputAmount": 13000,
                "outputAmount": 11356.160507459033,
                "profitAmount": -1643.8394925409666
            }
        },
        {
            "date": "2016-08-12",
            "Pay": 1000,
            "StockPrice": "3000.272949",
            "stockBuy": 0.3333030084257177,
            "accumulateResult": {
                "resProfitPerYear": -5.980470583209552,
                "resProfitTotal": -9.847295398654632,
                "duration": 1.6465753424657534,
                "stockTotal": 4.206743472588084,
                "inputAmount": 14000,
                "outputAmount": 12621.378644188351,
                "profitAmount": -1378.6213558116488
            }
        },
        {
            "date": "2016-09-27",
            "Pay": 1000,
            "StockPrice": "2974.593018",
            "stockBuy": 0.336180443492186,
            "accumulateResult": {
                "resProfitPerYear": -5.5912141869312775,
                "resProfitTotal": -9.911001586149414,
                "duration": 1.7726027397260273,
                "stockTotal": 4.5429239160802695,
                "inputAmount": 15000,
                "outputAmount": 13513.349762077587,
                "profitAmount": -1486.650237922413
            }
        },
        {
            "date": "2016-11-15",
            "Pay": 1000,
            "StockPrice": "3209.955078",
            "stockBuy": 0.31153083943562904,
            "accumulateResult": {
                "resProfitPerYear": -1.3681544711999876,
                "resProfitTotal": -2.6088644163155927,
                "duration": 1.906849315068493,
                "stockTotal": 4.854454755515898,
                "inputAmount": 16000,
                "outputAmount": 15582.581693389506,
                "profitAmount": -417.41830661049426
            }
        },
        {
            "date": "2016-12-27",
            "Pay": 1000,
            "StockPrice": "3117.386963",
            "stockBuy": 0.32078147880545943,
            "accumulateResult": {
                "resProfitPerYear": -2.5217352297840403,
                "resProfitTotal": -5.098741368714032,
                "duration": 2.021917808219178,
                "stockTotal": 5.175236234321358,
                "inputAmount": 17000,
                "outputAmount": 16133.213967318614,
                "profitAmount": -866.7860326813861
            }
        },
        {
            "date": "2017-02-15",
            "Pay": 1000,
            "StockPrice": "3215.464111",
            "stockBuy": 0.31099709574709045,
            "accumulateResult": {
                "resProfitPerYear": -0.9243723367625805,
                "resProfitTotal": -1.99563123662716,
                "duration": 2.158904109589041,
                "stockTotal": 5.4862333300684485,
                "inputAmount": 18000,
                "outputAmount": 17640.786377407112,
                "profitAmount": -359.213622592888
            }
        },
        {
            "date": "2017-03-29",
            "Pay": 1000,
            "StockPrice": "3252.864990",
            "stockBuy": 0.3074213049340237,
            "accumulateResult": {
                "resProfitPerYear": -0.35649106456543217,
                "resProfitTotal": -0.8106509139433116,
                "duration": 2.2739726027397262,
                "stockTotal": 5.793654635002472,
                "inputAmount": 19000,
                "outputAmount": 18845.97632635077,
                "profitAmount": -154.02367364922975
            }
        },
        {
            "date": "2017-05-15",
            "Pay": 1000,
            "StockPrice": "3085.931885",
            "stockBuy": 0.3240512225369485,
            "accumulateResult": {
                "resProfitPerYear": -2.333120851632038,
                "resProfitTotal": -5.60588215583917,
                "duration": 2.4027397260273973,
                "stockTotal": 6.117705857539421,
                "inputAmount": 20000,
                "outputAmount": 18878.823568832166,
                "profitAmount": -1121.1764311678344
            }
        },
        {
            "date": "2017-06-28",
            "Pay": 1000,
            "StockPrice": "3183.633057",
            "stockBuy": 0.31410655125635606,
            "accumulateResult": {
                "resProfitPerYear": -0.9878823773913626,
                "resProfitTotal": -2.4927114234998493,
                "duration": 2.5232876712328767,
                "stockTotal": 6.431812408795777,
                "inputAmount": 21000,
                "outputAmount": 20476.53060106503,
                "profitAmount": -523.4693989349689
            }
        },
        {
            "date": "2017-08-09",
            "Pay": 1000,
            "StockPrice": "3277.808105",
            "stockBuy": 0.3050819230310006,
            "accumulateResult": {
                "resProfitPerYear": 0.1416978091073566,
                "resProfitTotal": 0.3738492881380395,
                "duration": 2.638356164383562,
                "stockTotal": 6.736894331826777,
                "inputAmount": 22000,
                "outputAmount": 22082.24684339037,
                "profitAmount": 82.24684339037049
            }
        },
        {
            "date": "2017-09-20",
            "Pay": 1000,
            "StockPrice": "3352.185059",
            "stockBuy": 0.298312886192003,
            "accumulateResult": {
                "resProfitPerYear": 0.9210924982574148,
                "resProfitTotal": 2.536158796571786,
                "duration": 2.7534246575342465,
                "stockTotal": 7.03520721801878,
                "inputAmount": 23000,
                "outputAmount": 23583.31652321151,
                "profitAmount": 583.3165232115098
            }
        },
        {
            "date": "2017-11-08",
            "Pay": 1000,
            "StockPrice": "3409.146973",
            "stockBuy": 0.2933285094247534,
            "accumulateResult": {
                "resProfitPerYear": 1.4199091476273469,
                "resProfitTotal": 4.100230798901983,
                "duration": 2.8876712328767122,
                "stockTotal": 7.328535727443533,
                "inputAmount": 24000,
                "outputAmount": 24984.055391736474,
                "profitAmount": 984.0553917364741
            }
        },
        {
            "date": "2017-12-20",
            "Pay": 1000,
            "StockPrice": "3296.739990",
            "stockBuy": 0.3033299571799109,
            "accumulateResult": {
                "resProfitPerYear": 0.2135074171331934,
                "resProfitTotal": 0.6411072032273424,
                "duration": 3.0027397260273974,
                "stockTotal": 7.6318656846234445,
                "inputAmount": 25000,
                "outputAmount": 25160.276800806838,
                "profitAmount": 160.27680080683785
            }
        },
        {
            "date": "2018-02-01",
            "Pay": 1000,
            "StockPrice": "3478.669922",
            "stockBuy": 0.2874661932354501,
            "accumulateResult": {
                "resProfitPerYear": 1.9088629909261947,
                "resProfitTotal": 5.956698484013523,
                "duration": 3.1205479452054794,
                "stockTotal": 7.919331877858895,
                "inputAmount": 26000,
                "outputAmount": 27548.741605843516,
                "profitAmount": 1548.7416058435156
            }
        },
        {
            "date": "2018-03-22",
            "Pay": 1000,
            "StockPrice": "3281.264893",
            "stockBuy": 0.30476052150904476,
            "accumulateResult": {
                "resProfitPerYear": -0.01658446067318819,
                "resProfitTotal": -0.05397901172533581,
                "duration": 3.254794520547945,
                "stockTotal": 8.22409239936794,
                "inputAmount": 27000,
                "outputAmount": 26985.42566683416,
                "profitAmount": -14.57433316584138
            }
        },
        {
            "date": "2018-05-09",
            "Pay": 1000,
            "StockPrice": "3160.137939",
            "stockBuy": 0.3164418830136389,
            "accumulateResult": {
                "resProfitPerYear": -1.0659898351371917,
                "resProfitTotal": -3.60976283898512,
                "duration": 3.3863013698630136,
                "stockTotal": 8.540534282381579,
                "inputAmount": 28000,
                "outputAmount": 26989.266405084167,
                "profitAmount": -1010.7335949158332
            }
        },
        {
            "date": "2018-06-21",
            "Pay": 1000,
            "StockPrice": "2912.002930",
            "stockBuy": 0.34340624787764207,
            "accumulateResult": {
                "resProfitPerYear": -3.0800673701649437,
                "resProfitTotal": -10.79289360668757,
                "duration": 3.504109589041096,
                "stockTotal": 8.88394053025922,
                "inputAmount": 29000,
                "outputAmount": 25870.060854060604,
                "profitAmount": -3129.9391459393955
            }
        },
        {
            "date": "2018-08-02",
            "Pay": 1000,
            "StockPrice": "2815.343994",
            "stockBuy": 0.35519638173210033,
            "accumulateResult": {
                "resProfitPerYear": -3.6736254240594466,
                "resProfitTotal": -13.295504616938436,
                "duration": 3.6191780821917807,
                "stockTotal": 9.23913691199132,
                "inputAmount": 30000,
                "outputAmount": 26011.34861491847,
                "profitAmount": -3988.6513850815318
            }
        },
        {
            "date": "2018-09-13",
            "Pay": 1000,
            "StockPrice": "2679.208008",
            "stockBuy": 0.37324462938825315,
            "accumulateResult": {
                "resProfitPerYear": -4.532097355005155,
                "resProfitTotal": -16.92396902704665,
                "duration": 3.734246575342466,
                "stockTotal": 9.612381541379573,
                "inputAmount": 31000,
                "outputAmount": 25753.569601615538,
                "profitAmount": -5246.430398384462
            }
        },
        {
            "date": "2018-11-02",
            "Pay": 1000,
            "StockPrice": "2649.250977",
            "stockBuy": 0.3774651811707155,
            "accumulateResult": {
                "resProfitPerYear": -4.467559969312281,
                "resProfitTotal": -17.294965031885624,
                "duration": 3.871232876712329,
                "stockTotal": 9.989846722550288,
                "inputAmount": 32000,
                "outputAmount": 26465.6111897966,
                "profitAmount": -5534.3888102034
            }
        },
        {
            "date": "2018-12-14",
            "Pay": 1000,
            "StockPrice": "2627.282959",
            "stockBuy": 0.380621355067374,
            "accumulateResult": {
                "resProfitPerYear": -4.373953491887731,
                "resProfitTotal": -17.435896796429173,
                "duration": 3.9863013698630136,
                "stockTotal": 10.370468077617662,
                "inputAmount": 33000,
                "outputAmount": 27246.154057178373,
                "profitAmount": -5753.8459428216265
            }
        },
        {
            "date": "2019-01-29",
            "Pay": 1000,
            "StockPrice": "2592.354980",
            "stockBuy": 0.3857496398892099,
            "accumulateResult": {
                "resProfitPerYear": -4.374267906553947,
                "resProfitTotal": -17.988427747225955,
                "duration": 4.112328767123287,
                "stockTotal": 10.756217717506873,
                "inputAmount": 34000,
                "outputAmount": 27883.934565943175,
                "profitAmount": -6116.065434056825
            }
        },
        {
            "date": "2019-03-19",
            "Pay": 1000,
            "StockPrice": "3099.896973",
            "stockBuy": 0.32259136632925767,
            "accumulateResult": {
                "resProfitPerYear": -0.44192467953656667,
                "resProfitTotal": -1.876666447347064,
                "duration": 4.2465753424657535,
                "stockTotal": 11.07880908383613,
                "inputAmount": 35000,
                "outputAmount": 34343.16674342853,
                "profitAmount": -656.8332565714736
            }
        },
        {
            "date": "2019-05-08",
            "Pay": 1000,
            "StockPrice": "2873.143066",
            "stockBuy": 0.34805088957585517,
            "accumulateResult": {
                "resProfitPerYear": -2.0081314634583642,
                "resProfitTotal": -8.80276805899557,
                "duration": 4.383561643835616,
                "stockTotal": 11.426859973411986,
                "inputAmount": 36000,
                "outputAmount": 32831.003498761595,
                "profitAmount": -3168.9965012384055
            }
        },
        {
            "date": "2019-06-20",
            "Pay": 1000,
            "StockPrice": "2917.331055",
            "stockBuy": 0.3427790611168742,
            "accumulateResult": {
                "resProfitPerYear": -1.5995530366772885,
                "resProfitTotal": -7.200179833591191,
                "duration": 4.501369863013698,
                "stockTotal": 11.76963903452886,
                "inputAmount": 37000,
                "outputAmount": 34335.93346157126,
                "profitAmount": -2664.066538428742
            }
        },
        {
            "date": "2019-08-01",
            "Pay": 1000,
            "StockPrice": "2920.850098",
            "stockBuy": 0.34236608057521756,
            "accumulateResult": {
                "resProfitPerYear": -1.4950285264543046,
                "resProfitTotal": -6.901707033083571,
                "duration": 4.616438356164384,
                "stockTotal": 12.112005115104077,
                "inputAmount": 38000,
                "outputAmount": 35377.351327428245,
                "profitAmount": -2622.648672571755
            }
        },
        {
            "date": "2019-09-12",
            "Pay": 1000,
            "StockPrice": "3016.629883",
            "stockBuy": 0.33149575479425825,
            "accumulateResult": {
                "resProfitPerYear": -0.7925937237477,
                "resProfitTotal": -3.750162632636378,
                "duration": 4.7315068493150685,
                "stockTotal": 12.443500869898335,
                "inputAmount": 39000,
                "outputAmount": 37537.436573271814,
                "profitAmount": -1462.5634267281857
            }
        },
        {
            "date": "2019-11-01",
            "Pay": 1000,
            "StockPrice": "2924.340088",
            "stockBuy": 0.3419574912314371,
            "accumulateResult": {
                "resProfitPerYear": -1.3407493295569821,
                "resProfitTotal": -6.527428927733581,
                "duration": 4.868493150684931,
                "stockTotal": 12.785458361129772,
                "inputAmount": 40000,
                "outputAmount": 37389.02842890657,
                "profitAmount": -2610.9715710934324
            }
        },
        {
            "date": "2019-12-13",
            "Pay": 1000,
            "StockPrice": "2937.775879",
            "stockBuy": 0.3403935634260819,
            "accumulateResult": {
                "resProfitPerYear": -1.193772940131461,
                "resProfitTotal": -5.94924103588802,
                "duration": 4.983561643835617,
                "stockTotal": 13.125851924555853,
                "inputAmount": 41000,
                "outputAmount": 38560.81117528591,
                "profitAmount": -2439.1888247140887
            }
        },
        {
            "date": "2020-02-04",
            "Pay": 1000,
            "StockPrice": "2685.269043",
            "stockBuy": 0.3724021630558082,
            "accumulateResult": {
                "resProfitPerYear": -2.671001220817681,
                "resProfitTotal": -13.698943247590956,
                "duration": 5.1287671232876715,
                "stockTotal": 13.498254087611661,
                "inputAmount": 42000,
                "outputAmount": 36246.4438360118,
                "profitAmount": -5753.5561639882
            }
        },
        {
            "date": "2020-03-17",
            "Pay": 1000,
            "StockPrice": "2796.283936",
            "stockBuy": 0.3576174747942335,
            "accumulateResult": {
                "resProfitPerYear": -1.8870657574898437,
                "resProfitTotal": -9.895462629686469,
                "duration": 5.243835616438356,
                "stockTotal": 13.855871562405895,
                "inputAmount": 43000,
                "outputAmount": 38744.95106923482,
                "profitAmount": -4255.048930765181
            }
        },
        {
            "date": "2020-04-29",
            "Pay": 1000,
            "StockPrice": "2801.383057",
            "stockBuy": 0.35696653390589844,
            "accumulateResult": {
                "resProfitPerYear": -1.7737081342783751,
                "resProfitTotal": -9.509991284336383,
                "duration": 5.361643835616438,
                "stockTotal": 14.212838096311794,
                "inputAmount": 44000,
                "outputAmount": 39815.60383489199,
                "profitAmount": -4184.39616510801
            }
        },
        {
            "date": "2020-06-15",
            "Pay": 1000,
            "StockPrice": "2908.280029",
            "stockBuy": 0.3438458436011906,
            "accumulateResult": {
                "resProfitPerYear": -1.078683394673322,
                "resProfitTotal": -5.922415131302294,
                "duration": 5.49041095890411,
                "stockTotal": 14.556683939912984,
                "inputAmount": 45000,
                "outputAmount": 42334.91319091397,
                "profitAmount": -2665.0868090860313
            }
        },
        {
            "date": "2020-07-29",
            "Pay": 1000,
            "StockPrice": "3221.988037",
            "stockBuy": 0.3103673845204907,
            "accumulateResult": {
                "resProfitPerYear": 0.7367033077532987,
                "resProfitTotal": 4.133611984325358,
                "duration": 5.610958904109589,
                "stockTotal": 14.867051324433476,
                "inputAmount": 46000,
                "outputAmount": 47901.46151278967,
                "profitAmount": 1901.4615127896686
            }
        },
        {
            "date": "2020-09-09",
            "Pay": 1000,
            "StockPrice": "3280.997070",
            "stockBuy": 0.30478539866541243,
            "accumulateResult": {
                "resProfitPerYear": 1.0325200242055752,
                "resProfitTotal": 5.912237946820964,
                "duration": 5.726027397260274,
                "stockTotal": 15.171836723098888,
                "inputAmount": 47000,
                "outputAmount": 49778.75183500585,
                "profitAmount": 2778.7518350058526
            }
        },
        {
            "date": "2020-10-29",
            "Pay": 1000,
            "StockPrice": "3235.760010",
            "stockBuy": 0.3090464054532895,
            "accumulateResult": {
                "resProfitPerYear": 0.7435107375401874,
                "resProfitTotal": 4.359213639276716,
                "duration": 5.863013698630137,
                "stockTotal": 15.480883128552177,
                "inputAmount": 48000,
                "outputAmount": 50092.422546852824,
                "profitAmount": 2092.422546852824
            }
        },
        {
            "date": "2020-12-10",
            "Pay": 1000,
            "StockPrice": "3365.730957",
            "stockBuy": 0.29711228044541527,
            "accumulateResult": {
                "resProfitPerYear": 1.4012027623276557,
                "resProfitTotal": 8.376505280545054,
                "duration": 5.978082191780822,
                "stockTotal": 15.777995408997592,
                "inputAmount": 49000,
                "outputAmount": 53104.487587467076,
                "profitAmount": 4104.487587467076
            }
        }
    ],
    "resProfitPerYear": 1.4012027623276557,
    "resProfitTotal": 8.376505280545054,
    "duration": 5.978082191780822,
    "stockTotal": 15.777995408997592,
    "startPrice": "2572.648926",
    "endPrice": "3365.730957",
    "inputAmount": 49000,
    "outputAmount": 53104.487587467076,
    "profitAmount": 4104.487587467076,
    "startDate": "2014-12-20",
    "amountPerCycle": 1000,
    "cycleDuration": 30,
    "targetProfitPerYear": 10,
    "stockName": "SSE50_from_1997",
    "endDate": "2020-12-10"
}