{
    "buyHistory": [
        {
            "date": "2015-11-20",
            "Pay": 1000,
            "StockPrice": "3620.791016",
            "stockBuy": 0.2761827444834778,
            "accumulateResult": {
                "resProfitPerYear": 0,
                "resProfitTotal": 0,
                "duration": 0.04200913242009133,
                "stockTotal": 0.2761827444834778,
                "inputAmount": 1000,
                "outputAmount": 1000,
                "profitAmount": 0
            }
        },
        {
            "date": "2016-01-04",
            "Pay": 1000,
            "StockPrice": "3536.589111",
            "stockBuy": 0.2827583212563932,
            "accumulateResult": {
                "resProfitPerYear": -7.034350543904058,
                "resProfitTotal": -1.1627556606818579,
                "duration": 0.16529680365296803,
                "stockTotal": 0.558941065739871,
                "inputAmount": 2000,
                "outputAmount": 1976.744886786363,
                "profitAmount": -23.25511321363706
            }
        },
        {
            "date": "2016-02-22",
            "Pay": 1000,
            "StockPrice": "2888.597900",
            "stockBuy": 0.34618871667808104,
            "accumulateResult": {
                "resProfitPerYear": -42.8923975967125,
                "resProfitTotal": -12.848133709334885,
                "duration": 0.29954337899543376,
                "stockTotal": 0.9051297824179521,
                "inputAmount": 3000,
                "outputAmount": 2614.5559887199533,
                "profitAmount": -385.44401128004665
            }
        },
        {
            "date": "2016-04-05",
            "Pay": 1000,
            "StockPrice": "3000.937988",
            "stockBuy": 0.33322914502024026,
            "accumulateResult": {
                "resProfitPerYear": -16.997757592976665,
                "resProfitTotal": -7.0940412967948285,
                "duration": 0.417351598173516,
                "stockTotal": 1.2383589274381923,
                "inputAmount": 4000,
                "outputAmount": 3716.238348128207,
                "profitAmount": -283.7616518717932
            }
        },
        {
            "date": "2016-05-18",
            "Pay": 1000,
            "StockPrice": "2828.177979",
            "stockBuy": 0.35358453655508076,
            "accumulateResult": {
                "resProfitPerYear": -18.60007179852439,
                "resProfitTotal": -9.954011026424926,
                "duration": 0.5351598173515982,
                "stockTotal": 1.591943463993273,
                "inputAmount": 5000,
                "outputAmount": 4502.299448678754,
                "profitAmount": -497.70055132124617
            }
        },
        {
            "date": "2016-07-01",
            "Pay": 1000,
            "StockPrice": "2931.802002",
            "stockBuy": 0.3410871536747112,
            "accumulateResult": {
                "resProfitPerYear": -8.457450716970955,
                "resProfitTotal": -5.545616086561777,
                "duration": 0.6557077625570776,
                "stockTotal": 1.9330306176679843,
                "inputAmount": 6000,
                "outputAmount": 5667.263034806293,
                "profitAmount": -332.73696519370696
            }
        },
        {
            "date": "2016-08-12",
            "Pay": 1000,
            "StockPrice": "3000.272949",
            "stockBuy": 0.3333030084257177,
            "accumulateResult": {
                "resProfitPerYear": -3.7138909682307615,
                "resProfitTotal": -2.862578974599783,
                "duration": 0.7707762557077625,
                "stockTotal": 2.266333626093702,
                "inputAmount": 7000,
                "outputAmount": 6799.619471778015,
                "profitAmount": -200.3805282219846
            }
        },
        {
            "date": "2016-09-27",
            "Pay": 1000,
            "StockPrice": "2974.593018",
            "stockBuy": 0.336180443492186,
            "accumulateResult": {
                "resProfitPerYear": -3.6041866369976994,
                "resProfitTotal": -3.232247742038119,
                "duration": 0.8968036529680364,
                "stockTotal": 2.6025140695858884,
                "inputAmount": 8000,
                "outputAmount": 7741.42018063695,
                "profitAmount": -258.57981936304986
            }
        },
        {
            "date": "2016-11-15",
            "Pay": 1000,
            "StockPrice": "3209.955078",
            "stockBuy": 0.31153083943562904,
            "accumulateResult": {
                "resProfitPerYear": 3.814376658703528,
                "resProfitTotal": 3.9328139248185234,
                "duration": 1.0310502283105023,
                "stockTotal": 2.9140449090215172,
                "inputAmount": 9000,
                "outputAmount": 9353.953253233667,
                "profitAmount": 353.95325323366706
            }
        },
        {
            "date": "2016-12-27",
            "Pay": 1000,
            "StockPrice": "3117.386963",
            "stockBuy": 0.32078147880545943,
            "accumulateResult": {
                "resProfitPerYear": 0.7347023253650831,
                "resProfitTotal": 0.8420560898019902,
                "duration": 1.1461187214611872,
                "stockTotal": 3.2348263878269767,
                "inputAmount": 10000,
                "outputAmount": 10084.205608980199,
                "profitAmount": 84.20560898019903
            }
        },
        {
            "date": "2017-02-15",
            "Pay": 1000,
            "StockPrice": "3215.464111",
            "stockBuy": 0.31099709574709045,
            "accumulateResult": {
                "resProfitPerYear": 2.8444362997986725,
                "resProfitTotal": 3.649710503394643,
                "duration": 1.28310502283105,
                "stockTotal": 3.5458234835740674,
                "inputAmount": 11000,
                "outputAmount": 11401.468155373412,
                "profitAmount": 401.4681553734117
            }
        },
        {
            "date": "2017-03-29",
            "Pay": 1000,
            "StockPrice": "3252.864990",
            "stockBuy": 0.3074213049340237,
            "accumulateResult": {
                "resProfitPerYear": 3.1832307431391573,
                "resProfitTotal": 4.450708920316027,
                "duration": 1.398173515981735,
                "stockTotal": 3.853244788508091,
                "inputAmount": 12000,
                "outputAmount": 12534.085070437923,
                "profitAmount": 534.0850704379227
            }
        },
        {
            "date": "2017-05-15",
            "Pay": 1000,
            "StockPrice": "3085.931885",
            "stockBuy": 0.3240512225369485,
            "accumulateResult": {
                "resProfitPerYear": -0.5498629271435216,
                "resProfitTotal": -0.839608049483076,
                "duration": 1.5269406392694065,
                "stockTotal": 4.17729601104504,
                "inputAmount": 13000,
                "outputAmount": 12890.8509535672,
                "profitAmount": -109.14904643279988
            }
        },
        {
            "date": "2017-06-28",
            "Pay": 1000,
            "StockPrice": "3183.633057",
            "stockBuy": 0.31410655125635606,
            "accumulateResult": {
                "resProfitPerYear": 1.2962486072725765,
                "resProfitTotal": 2.1355547831230393,
                "duration": 1.6474885844748859,
                "stockTotal": 4.491402562301396,
                "inputAmount": 14000,
                "outputAmount": 14298.977669637225,
                "profitAmount": 298.9776696372246
            }
        },
        {
            "date": "2017-08-09",
            "Pay": 1000,
            "StockPrice": "3277.808105",
            "stockBuy": 0.3050819230310006,
            "accumulateResult": {
                "resProfitPerYear": 2.730713350862058,
                "resProfitTotal": 4.8130381435285585,
                "duration": 1.7625570776255708,
                "stockTotal": 4.796484485332396,
                "inputAmount": 15000,
                "outputAmount": 15721.955721529283,
                "profitAmount": 721.9557215292825
            }
        },
        {
            "date": "2017-09-20",
            "Pay": 1000,
            "StockPrice": "3352.185059",
            "stockBuy": 0.298312886192003,
            "accumulateResult": {
                "resProfitPerYear": 3.590650754088447,
                "resProfitTotal": 6.741897671603514,
                "duration": 1.877625570776256,
                "stockTotal": 5.094797371524399,
                "inputAmount": 16000,
                "outputAmount": 17078.70362745656,
                "profitAmount": 1078.7036274565617
            }
        },
        {
            "date": "2017-11-08",
            "Pay": 1000,
            "StockPrice": "3409.146973",
            "stockBuy": 0.2933285094247534,
            "accumulateResult": {
                "resProfitPerYear": 4.002455944335082,
                "resProfitTotal": 8.052429630475055,
                "duration": 2.0118721461187214,
                "stockTotal": 5.388125880949152,
                "inputAmount": 17000,
                "outputAmount": 18368.91303718076,
                "profitAmount": 1368.9130371807587
            }
        },
        {
            "date": "2017-12-20",
            "Pay": 1000,
            "StockPrice": "3296.739990",
            "stockBuy": 0.3033299571799109,
            "accumulateResult": {
                "resProfitPerYear": 1.9936043577419014,
                "resProfitTotal": 4.240278127105834,
                "duration": 2.1269406392694066,
                "stockTotal": 5.691455838129063,
                "inputAmount": 18000,
                "outputAmount": 18763.25006287905,
                "profitAmount": 763.2500628790513
            }
        },
        {
            "date": "2018-02-01",
            "Pay": 1000,
            "StockPrice": "3478.669922",
            "stockBuy": 0.2874661932354501,
            "accumulateResult": {
                "resProfitPerYear": 4.217319127569497,
                "resProfitTotal": 9.466822297320387,
                "duration": 2.2447488584474886,
                "stockTotal": 5.9789220313645135,
                "inputAmount": 19000,
                "outputAmount": 20798.696236490872,
                "profitAmount": 1798.6962364908723
            }
        },
        {
            "date": "2018-03-22",
            "Pay": 1000,
            "StockPrice": "3281.264893",
            "stockBuy": 0.30476052150904476,
            "accumulateResult": {
                "resProfitPerYear": 1.2997649148813504,
                "resProfitTotal": 3.092134797503121,
                "duration": 2.3789954337899544,
                "stockTotal": 6.283682552873558,
                "inputAmount": 20000,
                "outputAmount": 20618.426959500623,
                "profitAmount": 618.4269595006226
            }
        },
        {
            "date": "2018-05-09",
            "Pay": 1000,
            "StockPrice": "3160.137939",
            "stockBuy": 0.3164418830136389,
            "accumulateResult": {
                "resProfitPerYear": -0.27066556322631785,
                "resProfitTotal": -0.6795065144375778,
                "duration": 2.5105022831050228,
                "stockTotal": 6.6001244358871975,
                "inputAmount": 21000,
                "outputAmount": 20857.30363196811,
                "profitAmount": -142.69636803189132
            }
        },
        {
            "date": "2018-06-21",
            "Pay": 1000,
            "StockPrice": "2912.002930",
            "stockBuy": 0.34340624787764207,
            "accumulateResult": {
                "resProfitPerYear": -3.079092240892369,
                "resProfitTotal": -8.092810474235835,
                "duration": 2.6283105022831053,
                "stockTotal": 6.943530683764839,
                "inputAmount": 22000,
                "outputAmount": 20219.581695668116,
                "profitAmount": -1780.4183043318844
            }
        },
        {
            "date": "2018-08-02",
            "Pay": 1000,
            "StockPrice": "2815.343994",
            "stockBuy": 0.35519638173210033,
            "accumulateResult": {
                "resProfitPerYear": -3.8853586356990704,
                "resProfitTotal": -10.659011270904116,
                "duration": 2.74337899543379,
                "stockTotal": 7.29872706549694,
                "inputAmount": 23000,
                "outputAmount": 20548.427407692052,
                "profitAmount": -2451.572592307948
            }
        },
        {
            "date": "2018-09-13",
            "Pay": 1000,
            "StockPrice": "2679.208008",
            "stockBuy": 0.37324462938825315,
            "accumulateResult": {
                "resProfitPerYear": -5.021945204627414,
                "resProfitTotal": -14.354966657976076,
                "duration": 2.8584474885844746,
                "stockTotal": 7.671971694885193,
                "inputAmount": 24000,
                "outputAmount": 20554.80800208574,
                "profitAmount": -3445.1919979142585
            }
        },
        {
            "date": "2018-11-02",
            "Pay": 1000,
            "StockPrice": "2649.250977",
            "stockBuy": 0.3774651811707155,
            "accumulateResult": {
                "resProfitPerYear": -4.907498211623064,
                "resProfitTotal": -14.700085967236209,
                "duration": 2.9954337899543377,
                "stockTotal": 8.049436876055909,
                "inputAmount": 25000,
                "outputAmount": 21324.978508190947,
                "profitAmount": -3675.0214918090533
            }
        },
        {
            "date": "2018-12-14",
            "Pay": 1000,
            "StockPrice": "2627.282959",
            "stockBuy": 0.380621355067374,
            "accumulateResult": {
                "resProfitPerYear": -4.762836594088901,
                "resProfitTotal": -14.814814099969675,
                "duration": 3.1105022831050224,
                "stockTotal": 8.430058231123283,
                "inputAmount": 26000,
                "outputAmount": 22148.148334007885,
                "profitAmount": -3851.851665992115
            }
        },
        {
            "date": "2019-01-29",
            "Pay": 1000,
            "StockPrice": "2592.354980",
            "stockBuy": 0.3857496398892099,
            "accumulateResult": {
                "resProfitPerYear": -4.744790084784959,
                "resProfitTotal": -15.35665393650949,
                "duration": 3.2365296803652965,
                "stockTotal": 8.815807871012494,
                "inputAmount": 27000,
                "outputAmount": 22853.703437142438,
                "profitAmount": -4146.296562857562
            }
        },
        {
            "date": "2019-03-19",
            "Pay": 1000,
            "StockPrice": "3099.896973",
            "stockBuy": 0.32259136632925767,
            "accumulateResult": {
                "resProfitPerYear": 0.3476267239054619,
                "resProfitTotal": 1.171771906790009,
                "duration": 3.3707762557077623,
                "stockTotal": 9.138399237341751,
                "inputAmount": 28000,
                "outputAmount": 28328.096133901203,
                "profitAmount": 328.09613390120285
            }
        },
        {
            "date": "2019-05-08",
            "Pay": 1000,
            "StockPrice": "2873.143066",
            "stockBuy": 0.34805088957585517,
            "accumulateResult": {
                "resProfitPerYear": -1.7144946077230083,
                "resProfitTotal": -6.01403998928226,
                "duration": 3.5077625570776254,
                "stockTotal": 9.486450126917607,
                "inputAmount": 29000,
                "outputAmount": 27255.928403108144,
                "profitAmount": -1744.0715968918557
            }
        },
        {
            "date": "2019-06-20",
            "Pay": 1000,
            "StockPrice": "2917.331055",
            "stockBuy": 0.3427790611168742,
            "accumulateResult": {
                "resProfitPerYear": -1.2180927498932481,
                "resProfitTotal": -4.416281476781913,
                "duration": 3.6255707762557075,
                "stockTotal": 9.82922918803448,
                "inputAmount": 30000,
                "outputAmount": 28675.115556965426,
                "profitAmount": -1324.8844430345744
            }
        },
        {
            "date": "2019-08-01",
            "Pay": 1000,
            "StockPrice": "2920.850098",
            "stockBuy": 0.34236608057521756,
            "accumulateResult": {
                "resProfitPerYear": -1.112708688521614,
                "resProfitTotal": -4.162241815693635,
                "duration": 3.7406392694063926,
                "stockTotal": 10.171595268609698,
                "inputAmount": 31000,
                "outputAmount": 29709.705037134972,
                "profitAmount": -1290.2949628650276
            }
        },
        {
            "date": "2019-09-12",
            "Pay": 1000,
            "StockPrice": "3016.629883",
            "stockBuy": 0.33149575479425825,
            "accumulateResult": {
                "resProfitPerYear": -0.2561638601736299,
                "resProfitTotal": -0.9876929841580506,
                "duration": 3.8557077625570773,
                "stockTotal": 10.503091023403956,
                "inputAmount": 32000,
                "outputAmount": 31683.938245069425,
                "profitAmount": -316.06175493057526
            }
        },
        {
            "date": "2019-11-01",
            "Pay": 1000,
            "StockPrice": "2924.340088",
            "stockBuy": 0.3419574912314371,
            "accumulateResult": {
                "resProfitPerYear": -0.9755620548253494,
                "resProfitTotal": -3.895120825293541,
                "duration": 3.9926940639269404,
                "stockTotal": 10.845048514635392,
                "inputAmount": 33000,
                "outputAmount": 31714.61012765313,
                "profitAmount": -1285.38987234687
            }
        },
        {
            "date": "2019-12-13",
            "Pay": 1000,
            "StockPrice": "2937.775879",
            "stockBuy": 0.3403935634260819,
            "accumulateResult": {
                "resProfitPerYear": -0.8160146231630468,
                "resProfitTotal": -3.351994315056972,
                "duration": 4.107762557077625,
                "stockTotal": 11.185442078061474,
                "inputAmount": 34000,
                "outputAmount": 32860.32193288063,
                "profitAmount": -1139.67806711937
            }
        },
        {
            "date": "2020-02-04",
            "Pay": 1000,
            "StockPrice": "2685.269043",
            "stockBuy": 0.3724021630558082,
            "accumulateResult": {
                "resProfitPerYear": -2.663067043642793,
                "resProfitTotal": -11.325939015748387,
                "duration": 4.25296803652968,
                "stockTotal": 11.557844241117282,
                "inputAmount": 35000,
                "outputAmount": 31035.921344488062,
                "profitAmount": -3964.0786555119375
            }
        },
        {
            "date": "2020-03-17",
            "Pay": 1000,
            "StockPrice": "2796.283936",
            "stockBuy": 0.3576174747942335,
            "accumulateResult": {
                "resProfitPerYear": -1.7049268625468277,
                "resProfitTotal": -7.447182816037879,
                "duration": 4.368036529680365,
                "stockTotal": 11.915461715911515,
                "inputAmount": 36000,
                "outputAmount": 33319.01418622636,
                "profitAmount": -2680.9858137736373
            }
        },
        {
            "date": "2020-04-29",
            "Pay": 1000,
            "StockPrice": "2801.383057",
            "stockBuy": 0.35696653390589844,
            "accumulateResult": {
                "resProfitPerYear": -1.57867607118865,
                "resProfitTotal": -7.081695764090091,
                "duration": 4.485844748858447,
                "stockTotal": 12.272428249817414,
                "inputAmount": 37000,
                "outputAmount": 34379.772567286665,
                "profitAmount": -2620.2274327133346
            }
        },
        {
            "date": "2020-06-15",
            "Pay": 1000,
            "StockPrice": "2908.280029",
            "stockBuy": 0.3438458436011906,
            "accumulateResult": {
                "resProfitPerYear": -0.7461094008895427,
                "resProfitTotal": -3.443005299264712,
                "duration": 4.614611872146119,
                "stockTotal": 12.616274093418605,
                "inputAmount": 38000,
                "outputAmount": 36691.65798627941,
                "profitAmount": -1308.3420137205903
            }
        },
        {
            "date": "2020-07-29",
            "Pay": 1000,
            "StockPrice": "3221.988037",
            "stockBuy": 0.3103673845204907,
            "accumulateResult": {
                "resProfitPerYear": 1.4347032611606498,
                "resProfitTotal": 6.793549232071205,
                "duration": 4.735159817351598,
                "stockTotal": 12.926641477939096,
                "inputAmount": 39000,
                "outputAmount": 41649.484200507766,
                "profitAmount": 2649.484200507766
            }
        },
        {
            "date": "2020-09-09",
            "Pay": 1000,
            "StockPrice": "3280.997070",
            "stockBuy": 0.30478539866541243,
            "accumulateResult": {
                "resProfitPerYear": 1.7588207170938663,
                "resProfitTotal": 8.530682035146597,
                "duration": 4.850228310502283,
                "stockTotal": 13.231426876604509,
                "inputAmount": 40000,
                "outputAmount": 43412.27281405864,
                "profitAmount": 3412.2728140586405
            }
        },
        {
            "date": "2020-10-29",
            "Pay": 1000,
            "StockPrice": "3235.760010",
            "stockBuy": 0.3090464054532895,
            "accumulateResult": {
                "resProfitPerYear": 1.376066006404127,
                "resProfitTotal": 6.862736494039212,
                "duration": 4.987214611872146,
                "stockTotal": 13.540473282057798,
                "inputAmount": 41000,
                "outputAmount": 43813.721962556076,
                "profitAmount": 2813.7219625560756
            }
        },
        {
            "date": "2020-12-10",
            "Pay": 1000,
            "StockPrice": "3365.730957",
            "stockBuy": 0.29711228044541527,
            "accumulateResult": {
                "resProfitPerYear": 2.134240693595415,
                "resProfitTotal": 10.889500232984094,
                "duration": 5.102283105022831,
                "stockTotal": 13.837585562503213,
                "inputAmount": 42000,
                "outputAmount": 46573.590097853325,
                "profitAmount": 4573.590097853325
            }
        }
    ],
    "resProfitPerYear": 2.134240693595415,
    "resProfitTotal": 10.889500232984094,
    "duration": 5.102283105022831,
    "stockTotal": 13.837585562503213,
    "startPrice": "3146.644043",
    "endPrice": "3365.730957",
    "inputAmount": 42000,
    "outputAmount": 46573.590097853325,
    "profitAmount": 4573.590097853325,
    "startDate": "2015-11-5",
    "amountPerCycle": 1000,
    "cycleDuration": 30,
    "targetProfitPerYear": 10,
    "stockName": "SSE50_from_1997",
    "endDate": "2020-12-10"
}