{
    "buyHistory": [
        {
            "date": "2015-10-09",
            "Pay": 1000,
            "StockPrice": "3146.644043",
            "stockBuy": 0.31779889505601766,
            "accumulateResult": {
                "resProfitPerYear": 0,
                "resProfitTotal": 0,
                "duration": 0.031050228310502286,
                "stockTotal": 0.31779889505601766,
                "inputAmount": 1000,
                "outputAmount": 1000,
                "profitAmount": 0
            }
        },
        {
            "date": "2015-11-20",
            "Pay": 1000,
            "StockPrice": "3620.791016",
            "stockBuy": 0.2761827444834778,
            "accumulateResult": {
                "resProfitPerYear": 51.56197050135743,
                "resProfitTotal": 7.534169205677799,
                "duration": 0.14611872146118723,
                "stockTotal": 0.5939816395394955,
                "inputAmount": 2000,
                "outputAmount": 2150.683384113556,
                "profitAmount": 150.6833841135558
            }
        },
        {
            "date": "2016-01-04",
            "Pay": 1000,
            "StockPrice": "3536.589111",
            "stockBuy": 0.2827583212563932,
            "accumulateResult": {
                "resProfitPerYear": 12.455655750236208,
                "resProfitTotal": 3.355633284310211,
                "duration": 0.2694063926940639,
                "stockTotal": 0.8767399607958887,
                "inputAmount": 3000,
                "outputAmount": 3100.6689985293065,
                "profitAmount": 100.66899852930646
            }
        },
        {
            "date": "2016-02-22",
            "Pay": 1000,
            "StockPrice": "2888.597900",
            "stockBuy": 0.34618871667808104,
            "accumulateResult": {
                "resProfitPerYear": -28.951279156493783,
                "resProfitTotal": -11.686269759972834,
                "duration": 0.4036529680365297,
                "stockTotal": 1.2229286774739698,
                "inputAmount": 4000,
                "outputAmount": 3532.5492096010867,
                "profitAmount": -467.45079039891334
            }
        },
        {
            "date": "2016-04-05",
            "Pay": 1000,
            "StockPrice": "3000.937988",
            "stockBuy": 0.33322914502024026,
            "accumulateResult": {
                "resProfitPerYear": -12.659307470871175,
                "resProfitTotal": -6.601337503075289,
                "duration": 0.5214611872146119,
                "stockTotal": 1.55615782249421,
                "inputAmount": 5000,
                "outputAmount": 4669.933124846236,
                "profitAmount": -330.06687515376416
            }
        },
        {
            "date": "2016-05-18",
            "Pay": 1000,
            "StockPrice": "2828.177979",
            "stockBuy": 0.35358453655508076,
            "accumulateResult": {
                "resProfitPerYear": -15.6144057728035,
                "resProfitTotal": -9.98181190955475,
                "duration": 0.6392694063926941,
                "stockTotal": 1.9097423590492908,
                "inputAmount": 6000,
                "outputAmount": 5401.091285426715,
                "profitAmount": -598.9087145732847
            }
        },
        {
            "date": "2016-07-01",
            "Pay": 1000,
            "StockPrice": "2931.802002",
            "stockBuy": 0.3410871536747112,
            "accumulateResult": {
                "resProfitPerYear": -7.53966026161437,
                "resProfitTotal": -5.728764691929822,
                "duration": 0.7598173515981734,
                "stockTotal": 2.250829512724002,
                "inputAmount": 7000,
                "outputAmount": 6598.986471564913,
                "profitAmount": -401.0135284350872
            }
        },
        {
            "date": "2016-08-12",
            "Pay": 1000,
            "StockPrice": "3000.272949",
            "stockBuy": 0.3333030084257177,
            "accumulateResult": {
                "resProfitPerYear": -3.5275616476884295,
                "resProfitTotal": -3.0862137520415667,
                "duration": 0.8748858447488584,
                "stockTotal": 2.5841325211497197,
                "inputAmount": 8000,
                "outputAmount": 7753.102899836675,
                "profitAmount": -246.89710016332538
            }
        },
        {
            "date": "2016-09-27",
            "Pay": 1000,
            "StockPrice": "2974.593018",
            "stockBuy": 0.336180443492186,
            "accumulateResult": {
                "resProfitPerYear": -3.47746251294028,
                "resProfitTotal": -3.4806382777922806,
                "duration": 1.0009132420091325,
                "stockTotal": 2.920312964641906,
                "inputAmount": 9000,
                "outputAmount": 8686.742554998695,
                "profitAmount": -313.2574450013053
            }
        },
        {
            "date": "2016-11-15",
            "Pay": 1000,
            "StockPrice": "3209.955078",
            "stockBuy": 0.31153083943562904,
            "accumulateResult": {
                "resProfitPerYear": 3.2953371365298656,
                "resProfitTotal": 3.7407343020151806,
                "duration": 1.1351598173515982,
                "stockTotal": 3.231843804077535,
                "inputAmount": 10000,
                "outputAmount": 10374.073430201519,
                "profitAmount": 374.07343020151893
            }
        },
        {
            "date": "2016-12-27",
            "Pay": 1000,
            "StockPrice": "3117.386963",
            "stockBuy": 0.32078147880545943,
            "accumulateResult": {
                "resProfitPerYear": 0.5446840872938252,
                "resProfitTotal": 0.6809794662148372,
                "duration": 1.2502283105022831,
                "stockTotal": 3.5526252828829943,
                "inputAmount": 11000,
                "outputAmount": 11074.907741283632,
                "profitAmount": 74.90774128363228
            }
        },
        {
            "date": "2017-02-15",
            "Pay": 1000,
            "StockPrice": "3215.464111",
            "stockBuy": 0.31099709574709045,
            "accumulateResult": {
                "resProfitPerYear": 2.5431002367288422,
                "resProfitTotal": 3.5278258078457636,
                "duration": 1.387214611872146,
                "stockTotal": 3.863622378630085,
                "inputAmount": 12000,
                "outputAmount": 12423.33909694149,
                "profitAmount": 423.3390969414904
            }
        },
        {
            "date": "2017-03-29",
            "Pay": 1000,
            "StockPrice": "3252.864990",
            "stockBuy": 0.3074213049340237,
            "accumulateResult": {
                "resProfitPerYear": 2.907584555430578,
                "resProfitTotal": 4.368015154048677,
                "duration": 1.5022831050228311,
                "stockTotal": 4.1710436835641085,
                "inputAmount": 13000,
                "outputAmount": 13567.841970026328,
                "profitAmount": 567.8419700263275
            }
        },
        {
            "date": "2017-05-15",
            "Pay": 1000,
            "StockPrice": "3085.931885",
            "stockBuy": 0.3240512225369485,
            "accumulateResult": {
                "resProfitPerYear": -0.5624916691810264,
                "resProfitTotal": -0.9174521654404688,
                "duration": 1.6310502283105024,
                "stockTotal": 4.495094906101057,
                "inputAmount": 14000,
                "outputAmount": 13871.556696838334,
                "profitAmount": -128.44330316166634
            }
        },
        {
            "date": "2017-06-28",
            "Pay": 1000,
            "StockPrice": "3183.633057",
            "stockBuy": 0.31410655125635606,
            "accumulateResult": {
                "resProfitPerYear": 1.182663703406746,
                "resProfitTotal": 2.071551582770903,
                "duration": 1.7515981735159818,
                "stockTotal": 4.809201457357413,
                "inputAmount": 15000,
                "outputAmount": 15310.732737415636,
                "profitAmount": 310.7327374156357
            }
        },
        {
            "date": "2017-08-09",
            "Pay": 1000,
            "StockPrice": "3277.808105",
            "stockBuy": 0.3050819230310006,
            "accumulateResult": {
                "resProfitPerYear": 2.556828734946226,
                "resProfitTotal": 4.772746971899622,
                "duration": 1.8666666666666667,
                "stockTotal": 5.114283380388414,
                "inputAmount": 16000,
                "outputAmount": 16763.63951550394,
                "profitAmount": 763.639515503939
            }
        },
        {
            "date": "2017-09-20",
            "Pay": 1000,
            "StockPrice": "3352.185059",
            "stockBuy": 0.298312886192003,
            "accumulateResult": {
                "resProfitPerYear": 3.3957892303521464,
                "resProfitTotal": 6.729554913117952,
                "duration": 1.9817351598173516,
                "stockTotal": 5.412596266580417,
                "inputAmount": 17000,
                "outputAmount": 18144.024335230053,
                "profitAmount": 1144.024335230053
            }
        },
        {
            "date": "2017-11-08",
            "Pay": 1000,
            "StockPrice": "3409.146973",
            "stockBuy": 0.2933285094247534,
            "accumulateResult": {
                "resProfitPerYear": 3.813139872490013,
                "resProfitTotal": 8.068534323798504,
                "duration": 2.1159817351598176,
                "stockTotal": 5.705924776005171,
                "inputAmount": 18000,
                "outputAmount": 19452.33617828373,
                "profitAmount": 1452.336178283731
            }
        },
        {
            "date": "2017-12-20",
            "Pay": 1000,
            "StockPrice": "3296.739990",
            "stockBuy": 0.3033299571799109,
            "accumulateResult": {
                "resProfitPerYear": 1.9130720984594038,
                "resProfitTotal": 4.268159942042304,
                "duration": 2.2310502283105023,
                "stockTotal": 6.009254733185082,
                "inputAmount": 19000,
                "outputAmount": 19810.95038898804,
                "profitAmount": 810.9503889880398
            }
        },
        {
            "date": "2018-02-01",
            "Pay": 1000,
            "StockPrice": "3478.669922",
            "stockBuy": 0.2874661932354501,
            "accumulateResult": {
                "resProfitPerYear": 4.053487548394145,
                "resProfitTotal": 9.521068469835381,
                "duration": 2.3488584474885847,
                "stockTotal": 6.296720926420532,
                "inputAmount": 20000,
                "outputAmount": 21904.213693967078,
                "profitAmount": 1904.2136939670781
            }
        },
        {
            "date": "2018-03-22",
            "Pay": 1000,
            "StockPrice": "3281.264893",
            "stockBuy": 0.30476052150904476,
            "accumulateResult": {
                "resProfitPerYear": 1.2680155554141586,
                "resProfitTotal": 3.148615794676801,
                "duration": 2.4831050228310505,
                "stockTotal": 6.601481447929577,
                "inputAmount": 21000,
                "outputAmount": 21661.209316882127,
                "profitAmount": 661.2093168821266
            }
        },
        {
            "date": "2018-05-09",
            "Pay": 1000,
            "StockPrice": "3160.137939",
            "stockBuy": 0.3164418830136389,
            "accumulateResult": {
                "resProfitPerYear": -0.24061979639671313,
                "resProfitTotal": -0.629127376332228,
                "duration": 2.614611872146119,
                "stockTotal": 6.917923330943216,
                "inputAmount": 22000,
                "outputAmount": 21861.59197720691,
                "profitAmount": -138.4080227930899
            }
        },
        {
            "date": "2018-06-21",
            "Pay": 1000,
            "StockPrice": "2912.002930",
            "stockBuy": 0.34340624787764207,
            "accumulateResult": {
                "resProfitPerYear": -2.9516547821755177,
                "resProfitTotal": -8.065160829469542,
                "duration": 2.732420091324201,
                "stockTotal": 7.261329578820858,
                "inputAmount": 23000,
                "outputAmount": 21145.013009222006,
                "profitAmount": -1854.986990777994
            }
        },
        {
            "date": "2018-08-02",
            "Pay": 1000,
            "StockPrice": "2815.343994",
            "stockBuy": 0.35519638173210033,
            "accumulateResult": {
                "resProfitPerYear": -3.7413954231936906,
                "resProfitTotal": -10.653580757550618,
                "duration": 2.8474885844748856,
                "stockTotal": 7.616525960552958,
                "inputAmount": 24000,
                "outputAmount": 21443.140618187852,
                "profitAmount": -2556.859381812148
            }
        },
        {
            "date": "2018-09-13",
            "Pay": 1000,
            "StockPrice": "2679.208008",
            "stockBuy": 0.37324462938825315,
            "accumulateResult": {
                "resProfitPerYear": -4.852217269315105,
                "resProfitTotal": -14.374970613386484,
                "duration": 2.9625570776255707,
                "stockTotal": 7.9897705899412115,
                "inputAmount": 25000,
                "outputAmount": 21406.25734665338,
                "profitAmount": -3593.7426533466205
            }
        },
        {
            "date": "2018-11-02",
            "Pay": 1000,
            "StockPrice": "2649.250977",
            "stockBuy": 0.3774651811707155,
            "accumulateResult": {
                "resProfitPerYear": -4.7563984431334205,
                "resProfitTotal": -14.74266330227838,
                "duration": 3.0995433789954334,
                "stockTotal": 8.367235771111927,
                "inputAmount": 26000,
                "outputAmount": 22166.90754140762,
                "profitAmount": -3833.0924585923785
            }
        },
        {
            "date": "2018-12-14",
            "Pay": 1000,
            "StockPrice": "2627.282959",
            "stockBuy": 0.380621355067374,
            "accumulateResult": {
                "resProfitPerYear": -4.62806179383579,
                "resProfitTotal": -14.877422387490391,
                "duration": 3.2146118721461185,
                "stockTotal": 8.747857126179301,
                "inputAmount": 27000,
                "outputAmount": 22983.095955377594,
                "profitAmount": -4016.904044622406
            }
        },
        {
            "date": "2019-01-29",
            "Pay": 1000,
            "StockPrice": "2592.354980",
            "stockBuy": 0.3857496398892099,
            "accumulateResult": {
                "resProfitPerYear": -4.621067006765556,
                "resProfitTotal": -15.437317909359273,
                "duration": 3.3406392694063927,
                "stockTotal": 9.133606766068512,
                "inputAmount": 28000,
                "outputAmount": 23677.550985379403,
                "profitAmount": -4322.449014620597
            }
        },
        {
            "date": "2019-03-19",
            "Pay": 1000,
            "StockPrice": "3099.896973",
            "stockBuy": 0.32259136632925767,
            "accumulateResult": {
                "resProfitPerYear": 0.31084123752355425,
                "resProfitTotal": 1.0801378162348163,
                "duration": 3.4748858447488584,
                "stockTotal": 9.45619813239777,
                "inputAmount": 29000,
                "outputAmount": 29313.239966708097,
                "profitAmount": 313.2399667080972
            }
        },
        {
            "date": "2019-05-08",
            "Pay": 1000,
            "StockPrice": "2873.143066",
            "stockBuy": 0.34805088957585517,
            "accumulateResult": {
                "resProfitPerYear": -1.6897884080667704,
                "resProfitTotal": -6.103299683930663,
                "duration": 3.611872146118721,
                "stockTotal": 9.804249021973625,
                "inputAmount": 30000,
                "outputAmount": 28169.010094820802,
                "profitAmount": -1830.989905179198
            }
        },
        {
            "date": "2019-06-20",
            "Pay": 1000,
            "StockPrice": "2917.331055",
            "stockBuy": 0.3427790611168742,
            "accumulateResult": {
                "resProfitPerYear": -1.2089247130272731,
                "resProfitTotal": -4.508902765299894,
                "duration": 3.7296803652968036,
                "stockTotal": 10.147028083090499,
                "inputAmount": 31000,
                "outputAmount": 29602.240142757033,
                "profitAmount": -1397.759857242967
            }
        },
        {
            "date": "2019-08-01",
            "Pay": 1000,
            "StockPrice": "2920.850098",
            "stockBuy": 0.34236608057521756,
            "accumulateResult": {
                "resProfitPerYear": -1.1070716833881526,
                "resProfitTotal": -4.256412590926139,
                "duration": 3.8447488584474883,
                "stockTotal": 10.489394163665716,
                "inputAmount": 32000,
                "outputAmount": 30637.947970903635,
                "profitAmount": -1362.052029096365
            }
        },
        {
            "date": "2019-09-12",
            "Pay": 1000,
            "StockPrice": "3016.629883",
            "stockBuy": 0.33149575479425825,
            "accumulateResult": {
                "resProfitPerYear": -0.2734898956555612,
                "resProfitTotal": -1.0829700343036652,
                "duration": 3.9598173515981734,
                "stockTotal": 10.820889918459974,
                "inputAmount": 33000,
                "outputAmount": 32642.61988867979,
                "profitAmount": -357.38011132020983
            }
        },
        {
            "date": "2019-11-01",
            "Pay": 1000,
            "StockPrice": "2924.340088",
            "stockBuy": 0.3419574912314371,
            "accumulateResult": {
                "resProfitPerYear": -0.9735264068970334,
                "resProfitTotal": -3.9883465400366136,
                "duration": 4.0968036529680365,
                "stockTotal": 11.16284740969141,
                "inputAmount": 34000,
                "outputAmount": 32643.96217638755,
                "profitAmount": -1356.0378236124488
            }
        },
        {
            "date": "2019-12-13",
            "Pay": 1000,
            "StockPrice": "2937.775879",
            "stockBuy": 0.3403935634260819,
            "accumulateResult": {
                "resProfitPerYear": -0.8181337331444585,
                "resProfitTotal": -3.4458746824312714,
                "duration": 4.211872146118721,
                "stockTotal": 11.503240973117492,
                "inputAmount": 35000,
                "outputAmount": 33793.943861149055,
                "profitAmount": -1206.056138850945
            }
        },
        {
            "date": "2020-02-04",
            "Pay": 1000,
            "StockPrice": "2685.269043",
            "stockBuy": 0.3724021630558082,
            "accumulateResult": {
                "resProfitPerYear": -2.620706069765628,
                "resProfitTotal": -11.418619779773342,
                "duration": 4.357077625570776,
                "stockTotal": 11.8756431361733,
                "inputAmount": 36000,
                "outputAmount": 31889.296879281595,
                "profitAmount": -4110.7031207184045
            }
        },
        {
            "date": "2020-03-17",
            "Pay": 1000,
            "StockPrice": "2796.283936",
            "stockBuy": 0.3576174747942335,
            "accumulateResult": {
                "resProfitPerYear": -1.6875203274876978,
                "resProfitTotal": -7.546837482837676,
                "duration": 4.472146118721461,
                "stockTotal": 12.233260610967534,
                "inputAmount": 37000,
                "outputAmount": 34207.67013135006,
                "profitAmount": -2792.32986864994
            }
        },
        {
            "date": "2020-04-29",
            "Pay": 1000,
            "StockPrice": "2801.383057",
            "stockBuy": 0.35696653390589844,
            "accumulateResult": {
                "resProfitPerYear": -1.565174951758353,
                "resProfitTotal": -7.184081559394961,
                "duration": 4.5899543378995435,
                "stockTotal": 12.590227144873433,
                "inputAmount": 38000,
                "outputAmount": 35270.049007429916,
                "profitAmount": -2729.950992570084
            }
        },
        {
            "date": "2020-06-15",
            "Pay": 1000,
            "StockPrice": "2908.280029",
            "stockBuy": 0.3438458436011906,
            "accumulateResult": {
                "resProfitPerYear": -0.7521017245636955,
                "resProfitTotal": -3.548958548694625,
                "duration": 4.718721461187214,
                "stockTotal": 12.934072988474624,
                "inputAmount": 39000,
                "outputAmount": 37615.906166009096,
                "profitAmount": -1384.0938339909044
            }
        },
        {
            "date": "2020-07-29",
            "Pay": 1000,
            "StockPrice": "3221.988037",
            "stockBuy": 0.3103673845204907,
            "accumulateResult": {
                "resProfitPerYear": 1.3811115966278265,
                "resProfitTotal": 6.683571096375207,
                "duration": 4.8392694063926935,
                "stockTotal": 13.244440372995115,
                "inputAmount": 40000,
                "outputAmount": 42673.42843855008,
                "profitAmount": 2673.4284385500796
            }
        },
        {
            "date": "2020-09-09",
            "Pay": 1000,
            "StockPrice": "3280.997070",
            "stockBuy": 0.30478539866541243,
            "accumulateResult": {
                "resProfitPerYear": 1.7008844388254094,
                "resProfitTotal": 8.426756238016297,
                "duration": 4.954337899543379,
                "stockTotal": 13.549225771660527,
                "inputAmount": 41000,
                "outputAmount": 44454.97005758668,
                "profitAmount": 3454.970057586681
            }
        },
        {
            "date": "2020-10-29",
            "Pay": 1000,
            "StockPrice": "3235.760010",
            "stockBuy": 0.3090464054532895,
            "accumulateResult": {
                "resProfitPerYear": 1.3290783667087653,
                "resProfitTotal": 6.766768853334582,
                "duration": 5.091324200913242,
                "stockTotal": 13.858272177113816,
                "inputAmount": 42000,
                "outputAmount": 44842.042918400526,
                "profitAmount": 2842.042918400526
            }
        },
        {
            "date": "2020-12-10",
            "Pay": 1000,
            "StockPrice": "3365.730957",
            "stockBuy": 0.29711228044541527,
            "accumulateResult": {
                "resProfitPerYear": 2.0740225771745138,
                "resProfitTotal": 10.798175993125025,
                "duration": 5.2063926940639265,
                "stockTotal": 14.155384457559231,
                "inputAmount": 43000,
                "outputAmount": 47643.21567704376,
                "profitAmount": 4643.215677043758
            }
        }
    ],
    "resProfitPerYear": 2.0740225771745138,
    "resProfitTotal": 10.798175993125025,
    "duration": 5.2063926940639265,
    "stockTotal": 14.155384457559231,
    "startPrice": "3646.802979",
    "endPrice": "3365.730957",
    "inputAmount": 43000,
    "outputAmount": 47643.21567704376,
    "profitAmount": 4643.215677043758,
    "startDate": "2015-9-28",
    "amountPerCycle": 1000,
    "cycleDuration": 30,
    "targetProfitPerYear": 10,
    "stockName": "SSE50_from_1997",
    "endDate": "2020-12-10"
}