{
    "buyHistory": [
        {
            "date": "2014-10-15",
            "Pay": 1000,
            "StockPrice": "2358.232910",
            "stockBuy": 0.4240463254327156,
            "accumulateResult": {
                "resProfitPerYear": 0,
                "resProfitTotal": 0,
                "duration": 0.03652968036529681,
                "stockTotal": 0.4240463254327156,
                "inputAmount": 1000,
                "outputAmount": 1000,
                "profitAmount": 0
            }
        },
        {
            "date": "2014-11-26",
            "Pay": 1000,
            "StockPrice": "2572.648926",
            "stockBuy": 0.388704416639863,
            "accumulateResult": {
                "resProfitPerYear": 29.98793507533165,
                "resProfitTotal": 4.546116184936122,
                "duration": 0.15159817351598173,
                "stockTotal": 0.8127507420725786,
                "inputAmount": 2000,
                "outputAmount": 2090.9223236987223,
                "profitAmount": 90.92232369872227
            }
        },
        {
            "date": "2015-01-09",
            "Pay": 1000,
            "StockPrice": "3276.965088",
            "stockBuy": 0.3051604070064478,
            "accumulateResult": {
                "resProfitPerYear": 81.2499562287065,
                "resProfitTotal": 22.11186023393108,
                "duration": 0.27214611872146116,
                "stockTotal": 1.1179111490790263,
                "inputAmount": 3000,
                "outputAmount": 3663.3558070179324,
                "profitAmount": 663.3558070179324
            }
        },
        {
            "date": "2015-02-27",
            "Pay": 1000,
            "StockPrice": "3296.831055",
            "stockBuy": 0.30332157860603504,
            "accumulateResult": {
                "resProfitPerYear": 42.173752323081075,
                "resProfitTotal": 17.139104825361716,
                "duration": 0.406392694063927,
                "stockTotal": 1.4212327276850614,
                "inputAmount": 4000,
                "outputAmount": 4685.564193014468,
                "profitAmount": 685.5641930144684
            }
        },
        {
            "date": "2015-04-13",
            "Pay": 1000,
            "StockPrice": "4072.722900",
            "stockBuy": 0.2455359779080477,
            "accumulateResult": {
                "resProfitPerYear": 67.52325339718256,
                "resProfitTotal": 35.76574152544829,
                "duration": 0.5296803652968036,
                "stockTotal": 1.666768705593109,
                "inputAmount": 5000,
                "outputAmount": 6788.287076272414,
                "profitAmount": 1788.2870762724142
            }
        },
        {
            "date": "2015-05-26",
            "Pay": 1000,
            "StockPrice": "4854.850098",
            "stockBuy": 0.2059795832649826,
            "accumulateResult": {
                "resProfitPerYear": 79.58730310279225,
                "resProfitTotal": 51.531870228200646,
                "duration": 0.6474885844748859,
                "stockTotal": 1.8727482888580917,
                "inputAmount": 6000,
                "outputAmount": 9091.91221369204,
                "profitAmount": 3091.9122136920396
            }
        },
        {
            "date": "2015-07-08",
            "Pay": 1000,
            "StockPrice": "3467.398926",
            "stockBuy": 0.28840061998681027,
            "accumulateResult": {
                "resProfitPerYear": 9.213333088528765,
                "resProfitTotal": 7.0509343636411925,
                "duration": 0.765296803652968,
                "stockTotal": 2.161148908844902,
                "inputAmount": 7000,
                "outputAmount": 7493.565405454884,
                "profitAmount": 493.56540545488406
            }
        },
        {
            "date": "2015-08-19",
            "Pay": 1000,
            "StockPrice": "3646.802979",
            "stockBuy": 0.27421278466603993,
            "accumulateResult": {
                "resProfitPerYear": 12.513048305599261,
                "resProfitTotal": 11.01605348547734,
                "duration": 0.8803652968036529,
                "stockTotal": 2.435361693510942,
                "inputAmount": 8000,
                "outputAmount": 8881.284278838188,
                "profitAmount": 881.2842788381877
            }
        },
        {
            "date": "2015-10-09",
            "Pay": 1000,
            "StockPrice": "3146.644043",
            "stockBuy": 0.31779889505601766,
            "accumulateResult": {
                "resProfitPerYear": -3.6683386038687735,
                "resProfitTotal": -3.742040384037826,
                "duration": 1.020091324200913,
                "stockTotal": 2.7531605885669594,
                "inputAmount": 9000,
                "outputAmount": 8663.216365436596,
                "profitAmount": -336.7836345634041
            }
        },
        {
            "date": "2015-11-20",
            "Pay": 1000,
            "StockPrice": "3620.791016",
            "stockBuy": 0.2761827444834778,
            "accumulateResult": {
                "resProfitPerYear": 8.532887703410525,
                "resProfitTotal": 9.68619124688519,
                "duration": 1.1351598173515982,
                "stockTotal": 3.0293433330504373,
                "inputAmount": 10000,
                "outputAmount": 10968.61912468852,
                "profitAmount": 968.6191246885192
            }
        },
        {
            "date": "2016-01-04",
            "Pay": 1000,
            "StockPrice": "3536.589111",
            "stockBuy": 0.2827583212563932,
            "accumulateResult": {
                "resProfitPerYear": 5.154566541994668,
                "resProfitTotal": 6.48675131951475,
                "duration": 1.2584474885844747,
                "stockTotal": 3.3121016543068307,
                "inputAmount": 11000,
                "outputAmount": 11713.542645146623,
                "profitAmount": 713.5426451466228
            }
        },
        {
            "date": "2016-02-22",
            "Pay": 1000,
            "StockPrice": "2888.597900",
            "stockBuy": 0.34618871667808104,
            "accumulateResult": {
                "resProfitPerYear": -8.572534305339477,
                "resProfitTotal": -11.93891763985635,
                "duration": 1.3926940639269405,
                "stockTotal": 3.6582903709849117,
                "inputAmount": 12000,
                "outputAmount": 10567.329883217239,
                "profitAmount": -1432.6701167827614
            }
        },
        {
            "date": "2016-04-05",
            "Pay": 1000,
            "StockPrice": "3000.937988",
            "stockBuy": 0.33322914502024026,
            "accumulateResult": {
                "resProfitPerYear": -5.2030448923893555,
                "resProfitTotal": -7.859211189052051,
                "duration": 1.510502283105023,
                "stockTotal": 3.9915195160051518,
                "inputAmount": 13000,
                "outputAmount": 11978.302545423234,
                "profitAmount": -1021.6974545767662
            }
        },
        {
            "date": "2016-05-18",
            "Pay": 1000,
            "StockPrice": "2828.177979",
            "stockBuy": 0.35358453655508076,
            "accumulateResult": {
                "resProfitPerYear": -7.50678343195102,
                "resProfitTotal": -12.223374300610656,
                "duration": 1.628310502283105,
                "stockTotal": 4.345104052560233,
                "inputAmount": 14000,
                "outputAmount": 12288.727597914509,
                "profitAmount": -1711.2724020854912
            }
        },
        {
            "date": "2016-07-01",
            "Pay": 1000,
            "StockPrice": "2931.802002",
            "stockBuy": 0.3410871536747112,
            "accumulateResult": {
                "resProfitPerYear": -4.8070032640108975,
                "resProfitTotal": -8.406768265370657,
                "duration": 1.7488584474885847,
                "stockTotal": 4.686191206234944,
                "inputAmount": 15000,
                "outputAmount": 13738.984760194402,
                "profitAmount": -1261.015239805598
            }
        },
        {
            "date": "2016-08-12",
            "Pay": 1000,
            "StockPrice": "3000.272949",
            "stockBuy": 0.3333030084257177,
            "accumulateResult": {
                "resProfitPerYear": -3.1524414583853546,
                "resProfitTotal": -5.8759205630726115,
                "duration": 1.8639269406392696,
                "stockTotal": 5.019494214660662,
                "inputAmount": 16000,
                "outputAmount": 15059.852709908382,
                "profitAmount": -940.1472900916178
            }
        },
        {
            "date": "2016-09-27",
            "Pay": 1000,
            "StockPrice": "2974.593018",
            "stockBuy": 0.336180443492186,
            "accumulateResult": {
                "resProfitPerYear": -3.1601303159058625,
                "resProfitTotal": -6.288515030464725,
                "duration": 1.9899543378995435,
                "stockTotal": 5.355674658152847,
                "inputAmount": 17000,
                "outputAmount": 15930.952444820996,
                "profitAmount": -1069.0475551790041
            }
        },
        {
            "date": "2016-11-15",
            "Pay": 1000,
            "StockPrice": "3209.955078",
            "stockBuy": 0.31153083943562904,
            "accumulateResult": {
                "resProfitPerYear": 0.5007767178602752,
                "resProfitTotal": 1.0637503614091326,
                "duration": 2.124200913242009,
                "stockTotal": 5.667205497588476,
                "inputAmount": 18000,
                "outputAmount": 18191.475065053644,
                "profitAmount": 191.47506505364436
            }
        },
        {
            "date": "2016-12-27",
            "Pay": 1000,
            "StockPrice": "3117.386963",
            "stockBuy": 0.32078147880545943,
            "accumulateResult": {
                "resProfitPerYear": -0.782979682251764,
                "resProfitTotal": -1.7533024482934478,
                "duration": 2.2392694063926943,
                "stockTotal": 5.987986976393936,
                "inputAmount": 19000,
                "outputAmount": 18666.872534824244,
                "profitAmount": -333.1274651757558
            }
        },
        {
            "date": "2017-02-15",
            "Pay": 1000,
            "StockPrice": "3215.464111",
            "stockBuy": 0.31099709574709045,
            "accumulateResult": {
                "resProfitPerYear": 0.5347850799470878,
                "resProfitTotal": 1.2707860986505226,
                "duration": 2.376255707762557,
                "stockTotal": 6.298984072141026,
                "inputAmount": 20000,
                "outputAmount": 20254.157219730103,
                "profitAmount": 254.15721973010295
            }
        },
        {
            "date": "2017-03-29",
            "Pay": 1000,
            "StockPrice": "3252.864990",
            "stockBuy": 0.3074213049340237,
            "accumulateResult": {
                "resProfitPerYear": 0.9360957148347329,
                "resProfitTotal": 2.332117908738951,
                "duration": 2.491324200913242,
                "stockTotal": 6.60640537707505,
                "inputAmount": 21000,
                "outputAmount": 21489.74476083518,
                "profitAmount": 489.7447608351795
            }
        },
        {
            "date": "2017-05-15",
            "Pay": 1000,
            "StockPrice": "3085.931885",
            "stockBuy": 0.3240512225369485,
            "accumulateResult": {
                "resProfitPerYear": -1.0636044976160164,
                "resProfitTotal": -2.7867409165847956,
                "duration": 2.620091324200913,
                "stockTotal": 6.930456599611999,
                "inputAmount": 22000,
                "outputAmount": 21386.916998351346,
                "profitAmount": -613.0830016486543
            }
        },
        {
            "date": "2017-06-28",
            "Pay": 1000,
            "StockPrice": "3183.633057",
            "stockBuy": 0.31410655125635606,
            "accumulateResult": {
                "resProfitPerYear": 0.10158012552089019,
                "resProfitTotal": 0.27839448099378217,
                "duration": 2.740639269406393,
                "stockTotal": 7.244563150868355,
                "inputAmount": 23000,
                "outputAmount": 23064.030730628572,
                "profitAmount": 64.0307306285722
            }
        },
        {
            "date": "2017-08-09",
            "Pay": 1000,
            "StockPrice": "3277.808105",
            "stockBuy": 0.3050819230310006,
            "accumulateResult": {
                "resProfitPerYear": 1.0888833218009635,
                "resProfitTotal": 3.1095325545859476,
                "duration": 2.8557077625570773,
                "stockTotal": 7.549645073899355,
                "inputAmount": 24000,
                "outputAmount": 24746.28781310063,
                "profitAmount": 746.2878131006291
            }
        },
        {
            "date": "2017-09-20",
            "Pay": 1000,
            "StockPrice": "3352.185059",
            "stockBuy": 0.298312886192003,
            "accumulateResult": {
                "resProfitPerYear": 1.7608965535060723,
                "resProfitTotal": 5.231229669913473,
                "duration": 2.9707762557077624,
                "stockTotal": 7.8479579600913585,
                "inputAmount": 25000,
                "outputAmount": 26307.80741747837,
                "profitAmount": 1307.8074174783687
            }
        },
        {
            "date": "2017-11-08",
            "Pay": 1000,
            "StockPrice": "3409.146973",
            "stockBuy": 0.2933285094247534,
            "accumulateResult": {
                "resProfitPerYear": 2.1737014995984145,
                "resProfitTotal": 6.749392784141195,
                "duration": 3.105022831050228,
                "stockTotal": 8.141286469516112,
                "inputAmount": 26000,
                "outputAmount": 27754.84212387671,
                "profitAmount": 1754.8421238767114
            }
        },
        {
            "date": "2017-12-20",
            "Pay": 1000,
            "StockPrice": "3296.739990",
            "stockBuy": 0.3033299571799109,
            "accumulateResult": {
                "resProfitPerYear": 0.9658164934971458,
                "resProfitTotal": 3.1100173114803065,
                "duration": 3.220091324200913,
                "stockTotal": 8.444616426696022,
                "inputAmount": 27000,
                "outputAmount": 27839.70467409968,
                "profitAmount": 839.7046740996811
            }
        },
        {
            "date": "2018-02-01",
            "Pay": 1000,
            "StockPrice": "3478.669922",
            "stockBuy": 0.2874661932354501,
            "accumulateResult": {
                "resProfitPerYear": 2.5422672632207877,
                "resProfitTotal": 8.485832737052036,
                "duration": 3.3378995433789953,
                "stockTotal": 8.732082619931472,
                "inputAmount": 28000,
                "outputAmount": 30376.033166374567,
                "profitAmount": 2376.0331663745674
            }
        },
        {
            "date": "2018-03-22",
            "Pay": 1000,
            "StockPrice": "3281.264893",
            "stockBuy": 0.30476052150904476,
            "accumulateResult": {
                "resProfitPerYear": 0.647791885572459,
                "resProfitTotal": 2.2492280812296706,
                "duration": 3.472146118721461,
                "stockTotal": 9.036843141440517,
                "inputAmount": 29000,
                "outputAmount": 29652.276143556603,
                "profitAmount": 652.2761435566026
            }
        },
        {
            "date": "2018-05-09",
            "Pay": 1000,
            "StockPrice": "3160.137939",
            "stockBuy": 0.3164418830136389,
            "accumulateResult": {
                "resProfitPerYear": -0.40914884966747284,
                "resProfitTotal": -1.4744304664729202,
                "duration": 3.6036529680365295,
                "stockTotal": 9.353285024454156,
                "inputAmount": 30000,
                "outputAmount": 29557.670860058122,
                "profitAmount": -442.32913994187766
            }
        },
        {
            "date": "2018-06-21",
            "Pay": 1000,
            "StockPrice": "2912.002930",
            "stockBuy": 0.34340624787764207,
            "accumulateResult": {
                "resProfitPerYear": -2.39518007600435,
                "resProfitTotal": -8.913569689239932,
                "duration": 3.7214611872146115,
                "stockTotal": 9.696691272331798,
                "inputAmount": 31000,
                "outputAmount": 28236.793396335623,
                "profitAmount": -2763.2066036643773
            }
        },
        {
            "date": "2018-08-02",
            "Pay": 1000,
            "StockPrice": "2815.343994",
            "stockBuy": 0.35519638173210033,
            "accumulateResult": {
                "resProfitPerYear": -3.0141810870339403,
                "resProfitTotal": -11.563995202401445,
                "duration": 3.8365296803652966,
                "stockTotal": 10.051887654063897,
                "inputAmount": 32000,
                "outputAmount": 28299.52153523154,
                "profitAmount": -3700.478464768461
            }
        },
        {
            "date": "2018-09-13",
            "Pay": 1000,
            "StockPrice": "2679.208008",
            "stockBuy": 0.37324462938825315,
            "accumulateResult": {
                "resProfitPerYear": -3.887113194374059,
                "resProfitTotal": -15.360309399138405,
                "duration": 3.9515981735159817,
                "stockTotal": 10.42513228345215,
                "inputAmount": 33000,
                "outputAmount": 27931.097898284326,
                "profitAmount": -5068.902101715674
            }
        },
        {
            "date": "2018-11-02",
            "Pay": 1000,
            "StockPrice": "2649.250977",
            "stockBuy": 0.3774651811707155,
            "accumulateResult": {
                "resProfitPerYear": -3.8710421129022943,
                "resProfitTotal": -15.827082684441617,
                "duration": 4.088584474885844,
                "stockTotal": 10.802597464622865,
                "inputAmount": 34000,
                "outputAmount": 28618.791887289848,
                "profitAmount": -5381.208112710152
            }
        },
        {
            "date": "2018-12-14",
            "Pay": 1000,
            "StockPrice": "2627.282959",
            "stockBuy": 0.380621355067374,
            "accumulateResult": {
                "resProfitPerYear": -3.8188008728744696,
                "resProfitTotal": -16.052913623599252,
                "duration": 4.203652968036529,
                "stockTotal": 11.18321881969024,
                "inputAmount": 35000,
                "outputAmount": 29381.48023174026,
                "profitAmount": -5618.519768259739
            }
        },
        {
            "date": "2019-01-29",
            "Pay": 1000,
            "StockPrice": "2592.354980",
            "stockBuy": 0.3857496398892099,
            "accumulateResult": {
                "resProfitPerYear": -3.855254438456012,
                "resProfitTotal": -16.69201944540635,
                "duration": 4.329680365296803,
                "stockTotal": 11.56896845957945,
                "inputAmount": 36000,
                "outputAmount": 29990.872999653715,
                "profitAmount": -6009.127000346285
            }
        },
        {
            "date": "2019-03-19",
            "Pay": 1000,
            "StockPrice": "3099.896973",
            "stockBuy": 0.32259136632925767,
            "accumulateResult": {
                "resProfitPerYear": -0.08318314686923536,
                "resProfitTotal": -0.37132349031673284,
                "duration": 4.463926940639269,
                "stockTotal": 11.891559825908708,
                "inputAmount": 37000,
                "outputAmount": 36862.61030858281,
                "profitAmount": -137.3896914171928
            }
        },
        {
            "date": "2019-05-08",
            "Pay": 1000,
            "StockPrice": "2873.143066",
            "stockBuy": 0.34805088957585517,
            "accumulateResult": {
                "resProfitPerYear": -1.62087233853321,
                "resProfitTotal": -7.457493005963755,
                "duration": 4.600913242009132,
                "stockTotal": 12.239610715484563,
                "inputAmount": 38000,
                "outputAmount": 35166.15265773377,
                "profitAmount": -2833.847342266228
            }
        },
        {
            "date": "2019-06-20",
            "Pay": 1000,
            "StockPrice": "2917.331055",
            "stockBuy": 0.3427790611168742,
            "accumulateResult": {
                "resProfitPerYear": -1.2459935074529649,
                "resProfitTotal": -5.879496304118237,
                "duration": 4.718721461187214,
                "stockTotal": 12.582389776601437,
                "inputAmount": 39000,
                "outputAmount": 36706.99644139389,
                "profitAmount": -2293.003558606113
            }
        },
        {
            "date": "2019-08-01",
            "Pay": 1000,
            "StockPrice": "2920.850098",
            "stockBuy": 0.34236608057521756,
            "accumulateResult": {
                "resProfitPerYear": -1.1630240500631706,
                "resProfitTotal": -5.621813969848732,
                "duration": 4.8337899543379,
                "stockTotal": 12.924755857176654,
                "inputAmount": 40000,
                "outputAmount": 37751.274412060506,
                "profitAmount": -2248.7255879394943
            }
        },
        {
            "date": "2019-09-12",
            "Pay": 1000,
            "StockPrice": "3016.629883",
            "stockBuy": 0.33149575479425825,
            "accumulateResult": {
                "resProfitPerYear": -0.49816625314902935,
                "resProfitTotal": -2.4653542701503106,
                "duration": 4.948858447488584,
                "stockTotal": 13.256251611970912,
                "inputAmount": 41000,
                "outputAmount": 39989.20474923837,
                "profitAmount": -1010.7952507616283
            }
        },
        {
            "date": "2019-11-01",
            "Pay": 1000,
            "StockPrice": "2924.340088",
            "stockBuy": 0.3419574912314371,
            "accumulateResult": {
                "resProfitPerYear": -1.0459525664931881,
                "resProfitTotal": -5.319552367854397,
                "duration": 5.085844748858447,
                "stockTotal": 13.598209103202349,
                "inputAmount": 42000,
                "outputAmount": 39765.788005501156,
                "profitAmount": -2234.2119944988444
            }
        },
        {
            "date": "2019-12-13",
            "Pay": 1000,
            "StockPrice": "2937.775879",
            "stockBuy": 0.3403935634260819,
            "accumulateResult": {
                "resProfitPerYear": -0.917329637348243,
                "resProfitTotal": -4.770951858171912,
                "duration": 5.200913242009133,
                "stockTotal": 13.93860266662843,
                "inputAmount": 43000,
                "outputAmount": 40948.490700986076,
                "profitAmount": -2051.5092990139237
            }
        },
        {
            "date": "2020-02-04",
            "Pay": 1000,
            "StockPrice": "2685.269043",
            "stockBuy": 0.3724021630558082,
            "accumulateResult": {
                "resProfitPerYear": -2.368371441246408,
                "resProfitTotal": -12.661594901421436,
                "duration": 5.346118721461187,
                "stockTotal": 14.311004829684238,
                "inputAmount": 44000,
                "outputAmount": 38428.89824337457,
                "profitAmount": -5571.10175662543
            }
        },
        {
            "date": "2020-03-17",
            "Pay": 1000,
            "StockPrice": "2796.283936",
            "stockBuy": 0.3576174747942335,
            "accumulateResult": {
                "resProfitPerYear": -1.6204726718600648,
                "resProfitTotal": -8.849704637190126,
                "duration": 5.461187214611872,
                "stockTotal": 14.668622304478472,
                "inputAmount": 45000,
                "outputAmount": 41017.632913264446,
                "profitAmount": -3982.367086735554
            }
        },
        {
            "date": "2020-04-29",
            "Pay": 1000,
            "StockPrice": "2801.383057",
            "stockBuy": 0.35696653390589844,
            "accumulateResult": {
                "resProfitPerYear": -1.5226249074204041,
                "resProfitTotal": -8.494717405873287,
                "duration": 5.578995433789954,
                "stockTotal": 15.02558883838437,
                "inputAmount": 46000,
                "outputAmount": 42092.42999329829,
                "profitAmount": -3907.5700067017096
            }
        },
        {
            "date": "2020-06-15",
            "Pay": 1000,
            "StockPrice": "2908.280029",
            "stockBuy": 0.3438458436011906,
            "accumulateResult": {
                "resProfitPerYear": -0.8578761405313244,
                "resProfitTotal": -4.896553313534957,
                "duration": 5.707762557077626,
                "stockTotal": 15.369434681985561,
                "inputAmount": 47000,
                "outputAmount": 44698.61994263857,
                "profitAmount": -2301.380057361428
            }
        },
        {
            "date": "2020-07-29",
            "Pay": 1000,
            "StockPrice": "3221.988037",
            "stockBuy": 0.3103673845204907,
            "accumulateResult": {
                "resProfitPerYear": 0.9008237606704314,
                "resProfitTotal": 5.250280585021638,
                "duration": 5.828310502283106,
                "stockTotal": 15.679802066506053,
                "inputAmount": 48000,
                "outputAmount": 50520.134680810384,
                "profitAmount": 2520.1346808103845
            }
        },
        {
            "date": "2020-09-09",
            "Pay": 1000,
            "StockPrice": "3280.997070",
            "stockBuy": 0.30478539866541243,
            "accumulateResult": {
                "resProfitPerYear": 1.1830639147526454,
                "resProfitTotal": 7.031397221196545,
                "duration": 5.943378995433791,
                "stockTotal": 15.984587465171465,
                "inputAmount": 49000,
                "outputAmount": 52445.384638386306,
                "profitAmount": 3445.3846383863056
            }
        },
        {
            "date": "2020-10-29",
            "Pay": 1000,
            "StockPrice": "3235.760010",
            "stockBuy": 0.3090464054532895,
            "accumulateResult": {
                "resProfitPerYear": 0.8954359691448658,
                "resProfitTotal": 5.444577792298189,
                "duration": 6.080365296803653,
                "stockTotal": 16.293633870624756,
                "inputAmount": 50000,
                "outputAmount": 52722.2888961491,
                "profitAmount": 2722.288896149097
            }
        },
        {
            "date": "2020-12-10",
            "Pay": 1000,
            "StockPrice": "3365.730957",
            "stockBuy": 0.29711228044541527,
            "accumulateResult": {
                "resProfitPerYear": 1.5318011158961389,
                "resProfitTotal": 9.490172392912699,
                "duration": 6.195433789954338,
                "stockTotal": 16.59074615107017,
                "inputAmount": 51000,
                "outputAmount": 55839.98792038548,
                "profitAmount": 4839.98792038548
            }
        }
    ],
    "resProfitPerYear": 1.5318011158961389,
    "resProfitTotal": 9.490172392912699,
    "duration": 6.195433789954338,
    "stockTotal": 16.59074615107017,
    "startPrice": "2225.291016",
    "endPrice": "3365.730957",
    "inputAmount": 51000,
    "outputAmount": 55839.98792038548,
    "profitAmount": 4839.98792038548,
    "startDate": "2014-10-2",
    "amountPerCycle": 1000,
    "cycleDuration": 30,
    "targetProfitPerYear": 10,
    "stockName": "SSE50_from_1997",
    "endDate": "2020-12-10"
}