{
    "buyHistory": [
        {
            "date": "2015-08-19",
            "Pay": 1000,
            "StockPrice": "3646.802979",
            "stockBuy": 0.27421278466603993,
            "accumulateResult": {
                "resProfitPerYear": 0,
                "resProfitTotal": 0,
                "duration": 0.07488584474885844,
                "stockTotal": 0.27421278466603993,
                "inputAmount": 1000,
                "outputAmount": 1000,
                "profitAmount": 0
            }
        },
        {
            "date": "2015-10-09",
            "Pay": 1000,
            "StockPrice": "3146.644043",
            "stockBuy": 0.31779889505601766,
            "accumulateResult": {
                "resProfitPerYear": -31.953026000999852,
                "resProfitTotal": -6.857498730808187,
                "duration": 0.2146118721461187,
                "stockTotal": 0.5920116797220576,
                "inputAmount": 2000,
                "outputAmount": 1862.8500253838363,
                "profitAmount": -137.14997461616372
            }
        },
        {
            "date": "2015-11-20",
            "Pay": 1000,
            "StockPrice": "3620.791016",
            "stockBuy": 0.2761827444834778,
            "accumulateResult": {
                "resProfitPerYear": 14.514115935239287,
                "resProfitTotal": 4.7850190434898465,
                "duration": 0.3296803652968036,
                "stockTotal": 0.8681944242055354,
                "inputAmount": 3000,
                "outputAmount": 3143.5505713046955,
                "profitAmount": 143.5505713046955
            }
        },
        {
            "date": "2016-01-04",
            "Pay": 1000,
            "StockPrice": "3536.589111",
            "stockBuy": 0.2827583212563932,
            "accumulateResult": {
                "resProfitPerYear": 3.8880749410005935,
                "resProfitTotal": 1.7611736719052917,
                "duration": 0.4529680365296804,
                "stockTotal": 1.1509527454619286,
                "inputAmount": 4000,
                "outputAmount": 4070.4469468762113,
                "profitAmount": 70.44694687621131
            }
        },
        {
            "date": "2016-02-22",
            "Pay": 1000,
            "StockPrice": "2888.597900",
            "stockBuy": 0.34618871667808104,
            "accumulateResult": {
                "resProfitPerYear": -23.002163188898447,
                "resProfitTotal": -13.50720632918877,
                "duration": 0.5872146118721462,
                "stockTotal": 1.4971414621400096,
                "inputAmount": 5000,
                "outputAmount": 4324.639683540561,
                "profitAmount": -675.3603164594388
            }
        },
        {
            "date": "2016-04-05",
            "Pay": 1000,
            "StockPrice": "3000.937988",
            "stockBuy": 0.33322914502024026,
            "accumulateResult": {
                "resProfitPerYear": -11.989477279260116,
                "resProfitTotal": -8.452855214236354,
                "duration": 0.7050228310502282,
                "stockTotal": 1.83037060716025,
                "inputAmount": 6000,
                "outputAmount": 5492.828687145819,
                "profitAmount": -507.17131285418145
            }
        },
        {
            "date": "2016-05-18",
            "Pay": 1000,
            "StockPrice": "2828.177979",
            "stockBuy": 0.35358453655508076,
            "accumulateResult": {
                "resProfitPerYear": -14.295351834239275,
                "resProfitTotal": -11.762659363150307,
                "duration": 0.8228310502283105,
                "stockTotal": 2.183955143715331,
                "inputAmount": 7000,
                "outputAmount": 6176.613844579479,
                "profitAmount": -823.3861554205214
            }
        },
        {
            "date": "2016-07-01",
            "Pay": 1000,
            "StockPrice": "2931.802002",
            "stockBuy": 0.3410871536747112,
            "accumulateResult": {
                "resProfitPerYear": -7.911400670716726,
                "resProfitTotal": -7.463449217214957,
                "duration": 0.9433789954337899,
                "stockTotal": 2.525042297390042,
                "inputAmount": 8000,
                "outputAmount": 7402.924062622804,
                "profitAmount": -597.0759373771962
            }
        },
        {
            "date": "2016-08-12",
            "Pay": 1000,
            "StockPrice": "3000.272949",
            "stockBuy": 0.3333030084257177,
            "accumulateResult": {
                "resProfitPerYear": -4.452893975319033,
                "resProfitTotal": -4.713154445109369,
                "duration": 1.0584474885844748,
                "stockTotal": 2.8583453058157597,
                "inputAmount": 9000,
                "outputAmount": 8575.816099940157,
                "profitAmount": -424.1839000598429
            }
        },
        {
            "date": "2016-09-27",
            "Pay": 1000,
            "StockPrice": "2974.593018",
            "stockBuy": 0.336180443492186,
            "accumulateResult": {
                "resProfitPerYear": -4.2008996242456815,
                "resProfitTotal": -4.975860102873653,
                "duration": 1.184474885844749,
                "stockTotal": 3.194525749307946,
                "inputAmount": 10000,
                "outputAmount": 9502.413989712635,
                "profitAmount": -497.58601028736484
            }
        },
        {
            "date": "2016-11-15",
            "Pay": 1000,
            "StockPrice": "3209.955078",
            "stockBuy": 0.31153083943562904,
            "accumulateResult": {
                "resProfitPerYear": 1.7529661616602314,
                "resProfitTotal": 2.311674098116323,
                "duration": 1.3187214611872144,
                "stockTotal": 3.506056588743575,
                "inputAmount": 11000,
                "outputAmount": 11254.284150792795,
                "profitAmount": 254.28415079279512
            }
        },
        {
            "date": "2016-12-27",
            "Pay": 1000,
            "StockPrice": "3117.386963",
            "stockBuy": 0.32078147880545943,
            "accumulateResult": {
                "resProfitPerYear": -0.40838675205959285,
                "resProfitTotal": -0.5855408225877268,
                "duration": 1.4337899543378996,
                "stockTotal": 3.8268380675490343,
                "inputAmount": 12000,
                "outputAmount": 11929.735101289472,
                "profitAmount": -70.26489871052763
            }
        },
        {
            "date": "2017-02-15",
            "Pay": 1000,
            "StockPrice": "3215.464111",
            "stockBuy": 0.31099709574709045,
            "accumulateResult": {
                "resProfitPerYear": 1.4939231170380318,
                "resProfitTotal": 2.3466189600962695,
                "duration": 1.5707762557077627,
                "stockTotal": 4.137835163296125,
                "inputAmount": 13000,
                "outputAmount": 13305.060464812514,
                "profitAmount": 305.0604648125136
            }
        },
        {
            "date": "2017-03-29",
            "Pay": 1000,
            "StockPrice": "3252.864990",
            "stockBuy": 0.3074213049340237,
            "accumulateResult": {
                "resProfitPerYear": 1.948235393511856,
                "resProfitTotal": 3.2844224076921336,
                "duration": 1.6858447488584476,
                "stockTotal": 4.4452564682301485,
                "inputAmount": 14000,
                "outputAmount": 14459.819137076898,
                "profitAmount": 459.8191370768982
            }
        },
        {
            "date": "2017-05-15",
            "Pay": 1000,
            "StockPrice": "3085.931885",
            "stockBuy": 0.3240512225369485,
            "accumulateResult": {
                "resProfitPerYear": -1.0369208314587293,
                "resProfitTotal": -1.8816088512406348,
                "duration": 1.8146118721461189,
                "stockTotal": 4.769307690767097,
                "inputAmount": 15000,
                "outputAmount": 14717.758672313905,
                "profitAmount": -282.24132768609525
            }
        },
        {
            "date": "2017-06-28",
            "Pay": 1000,
            "StockPrice": "3183.633057",
            "stockBuy": 0.31410655125635606,
            "accumulateResult": {
                "resProfitPerYear": 0.5933800069220672,
                "resProfitTotal": 1.1482851458153975,
                "duration": 1.9351598173515983,
                "stockTotal": 5.083414242023453,
                "inputAmount": 16000,
                "outputAmount": 16183.725623330463,
                "profitAmount": 183.72562333046335
            }
        },
        {
            "date": "2017-08-09",
            "Pay": 1000,
            "StockPrice": "3277.808105",
            "stockBuy": 0.3050819230310006,
            "accumulateResult": {
                "resProfitPerYear": 1.9006675276214127,
                "resProfitTotal": 3.8968023739818003,
                "duration": 2.050228310502283,
                "stockTotal": 5.388496165054454,
                "inputAmount": 17000,
                "outputAmount": 17662.456403576907,
                "profitAmount": 662.4564035769072
            }
        },
        {
            "date": "2017-09-20",
            "Pay": 1000,
            "StockPrice": "3352.185059",
            "stockBuy": 0.298312886192003,
            "accumulateResult": {
                "resProfitPerYear": 2.727971757807062,
                "resProfitTotal": 5.906868527635201,
                "duration": 2.1652968036529683,
                "stockTotal": 5.686809051246456,
                "inputAmount": 18000,
                "outputAmount": 19063.236334974335,
                "profitAmount": 1063.2363349743355
            }
        },
        {
            "date": "2017-11-08",
            "Pay": 1000,
            "StockPrice": "3409.146973",
            "stockBuy": 0.2933285094247534,
            "accumulateResult": {
                "resProfitPerYear": 3.174927490654685,
                "resProfitTotal": 7.300883489925569,
                "duration": 2.299543378995434,
                "stockTotal": 5.98013756067121,
                "inputAmount": 19000,
                "outputAmount": 20387.16786308586,
                "profitAmount": 1387.1678630858587
            }
        },
        {
            "date": "2017-12-20",
            "Pay": 1000,
            "StockPrice": "3296.739990",
            "stockBuy": 0.3033299571799109,
            "accumulateResult": {
                "resProfitPerYear": 1.4804835721493608,
                "resProfitTotal": 3.5747932098291413,
                "duration": 2.4146118721461187,
                "stockTotal": 6.283467517851121,
                "inputAmount": 20000,
                "outputAmount": 20714.95864196583,
                "profitAmount": 714.9586419658299
            }
        },
        {
            "date": "2018-02-01",
            "Pay": 1000,
            "StockPrice": "3478.669922",
            "stockBuy": 0.2874661932354501,
            "accumulateResult": {
                "resProfitPerYear": 3.4939464889888883,
                "resProfitTotal": 8.848140286727112,
                "duration": 2.532420091324201,
                "stockTotal": 6.570933711086571,
                "inputAmount": 21000,
                "outputAmount": 22858.109460212694,
                "profitAmount": 1858.109460212694
            }
        },
        {
            "date": "2018-03-22",
            "Pay": 1000,
            "StockPrice": "3281.264893",
            "stockBuy": 0.30476052150904476,
            "accumulateResult": {
                "resProfitPerYear": 0.9562058529861999,
                "resProfitTotal": 2.5498822746298666,
                "duration": 2.666666666666667,
                "stockTotal": 6.875694232595616,
                "inputAmount": 22000,
                "outputAmount": 22560.97410041857,
                "profitAmount": 560.9741004185707
            }
        },
        {
            "date": "2018-05-09",
            "Pay": 1000,
            "StockPrice": "3160.137939",
            "stockBuy": 0.3164418830136389,
            "accumulateResult": {
                "resProfitPerYear": -0.42241498677369116,
                "resProfitTotal": -1.1819904287439176,
                "duration": 2.7981735159817354,
                "stockTotal": 7.192136115609255,
                "inputAmount": 23000,
                "outputAmount": 22728.1422013889,
                "profitAmount": -271.8577986111013
            }
        },
        {
            "date": "2018-06-21",
            "Pay": 1000,
            "StockPrice": "2912.002930",
            "stockBuy": 0.34340624787764207,
            "accumulateResult": {
                "resProfitPerYear": -2.9385165745821564,
                "resProfitTotal": -8.568660659945959,
                "duration": 2.915981735159817,
                "stockTotal": 7.535542363486897,
                "inputAmount": 24000,
                "outputAmount": 21943.52144161297,
                "profitAmount": -2056.478558387029
            }
        },
        {
            "date": "2018-08-02",
            "Pay": 1000,
            "StockPrice": "2815.343994",
            "stockBuy": 0.35519638173210033,
            "accumulateResult": {
                "resProfitPerYear": -3.67510381637835,
                "resProfitTotal": -11.139424261698395,
                "duration": 3.031050228310502,
                "stockTotal": 7.890738745218997,
                "inputAmount": 25000,
                "outputAmount": 22215.1439345754,
                "profitAmount": -2784.8560654245994
            }
        },
        {
            "date": "2018-09-13",
            "Pay": 1000,
            "StockPrice": "2679.208008",
            "stockBuy": 0.37324462938825315,
            "accumulateResult": {
                "resProfitPerYear": -4.717741624904392,
                "resProfitTotal": -14.842575249128432,
                "duration": 3.146118721461187,
                "stockTotal": 8.26398337460725,
                "inputAmount": 26000,
                "outputAmount": 22140.930435226608,
                "profitAmount": -3859.069564773392
            }
        },
        {
            "date": "2018-11-02",
            "Pay": 1000,
            "StockPrice": "2649.250977",
            "stockBuy": 0.3774651811707155,
            "accumulateResult": {
                "resProfitPerYear": -4.6327349695013025,
                "resProfitTotal": -15.209755447814777,
                "duration": 3.28310502283105,
                "stockTotal": 8.641448555777965,
                "inputAmount": 27000,
                "outputAmount": 22893.36602909001,
                "profitAmount": -4106.633970909988
            }
        },
        {
            "date": "2018-12-14",
            "Pay": 1000,
            "StockPrice": "2627.282959",
            "stockBuy": 0.380621355067374,
            "accumulateResult": {
                "resProfitPerYear": -4.515523925807848,
                "resProfitTotal": -15.344533815462103,
                "duration": 3.398173515981735,
                "stockTotal": 9.022069910845339,
                "inputAmount": 28000,
                "outputAmount": 23703.53053167061,
                "profitAmount": -4296.469468329389
            }
        },
        {
            "date": "2019-01-29",
            "Pay": 1000,
            "StockPrice": "2592.354980",
            "stockBuy": 0.3857496398892099,
            "accumulateResult": {
                "resProfitPerYear": -4.512240431860637,
                "resProfitTotal": -15.902041850730775,
                "duration": 3.524200913242009,
                "stockTotal": 9.40781955073455,
                "inputAmount": 29000,
                "outputAmount": 24388.407863288074,
                "profitAmount": -4611.592136711926
            }
        },
        {
            "date": "2019-03-19",
            "Pay": 1000,
            "StockPrice": "3099.896973",
            "stockBuy": 0.32259136632925767,
            "accumulateResult": {
                "resProfitPerYear": 0.14876196197221944,
                "resProfitTotal": 0.5442378261741654,
                "duration": 3.658447488584475,
                "stockTotal": 9.730410917063807,
                "inputAmount": 30000,
                "outputAmount": 30163.27134785225,
                "profitAmount": 163.27134785224916
            }
        },
        {
            "date": "2019-05-08",
            "Pay": 1000,
            "StockPrice": "2873.143066",
            "stockBuy": 0.34805088957585517,
            "accumulateResult": {
                "resProfitPerYear": -1.736498643249265,
                "resProfitTotal": -6.590765626798123,
                "duration": 3.7954337899543376,
                "stockTotal": 10.078461806639663,
                "inputAmount": 31000,
                "outputAmount": 28956.86265569258,
                "profitAmount": -2043.137344307419
            }
        },
        {
            "date": "2019-06-20",
            "Pay": 1000,
            "StockPrice": "2917.331055",
            "stockBuy": 0.3427790611168742,
            "accumulateResult": {
                "resProfitPerYear": -1.2759484184803718,
                "resProfitTotal": -4.993094952683464,
                "duration": 3.91324200913242,
                "stockTotal": 10.421240867756536,
                "inputAmount": 32000,
                "outputAmount": 30402.20961514129,
                "profitAmount": -1597.7903848587084
            }
        },
        {
            "date": "2019-08-01",
            "Pay": 1000,
            "StockPrice": "2920.850098",
            "stockBuy": 0.34236608057521756,
            "accumulateResult": {
                "resProfitPerYear": -1.1743532087097888,
                "resProfitTotal": -4.730659364035505,
                "duration": 4.028310502283105,
                "stockTotal": 10.763606948331754,
                "inputAmount": 33000,
                "outputAmount": 31438.88240986828,
                "profitAmount": -1561.1175901317183
            }
        },
        {
            "date": "2019-09-12",
            "Pay": 1000,
            "StockPrice": "3016.629883",
            "stockBuy": 0.33149575479425825,
            "accumulateResult": {
                "resProfitPerYear": -0.37634928867327144,
                "resProfitTotal": -1.5593577376352807,
                "duration": 4.14337899543379,
                "stockTotal": 11.095102703126011,
                "inputAmount": 34000,
                "outputAmount": 33469.818369204004,
                "profitAmount": -530.1816307959962
            }
        },
        {
            "date": "2019-11-01",
            "Pay": 1000,
            "StockPrice": "2924.340088",
            "stockBuy": 0.3419574912314371,
            "accumulateResult": {
                "resProfitPerYear": -1.0373923565635812,
                "resProfitTotal": -4.440418242204114,
                "duration": 4.2803652968036525,
                "stockTotal": 11.437060194357448,
                "inputAmount": 35000,
                "outputAmount": 33445.85361522856,
                "profitAmount": -1554.1463847714404
            }
        },
        {
            "date": "2019-12-13",
            "Pay": 1000,
            "StockPrice": "2937.775879",
            "stockBuy": 0.3403935634260819,
            "accumulateResult": {
                "resProfitPerYear": -0.8850601816887582,
                "resProfitTotal": -3.8902234287378934,
                "duration": 4.395433789954338,
                "stockTotal": 11.77745375778353,
                "inputAmount": 36000,
                "outputAmount": 34599.51956565436,
                "profitAmount": -1400.4804343456417
            }
        },
        {
            "date": "2020-02-04",
            "Pay": 1000,
            "StockPrice": "2685.269043",
            "stockBuy": 0.3724021630558082,
            "accumulateResult": {
                "resProfitPerYear": -2.603733872198667,
                "resProfitTotal": -11.822616267188835,
                "duration": 4.540639269406393,
                "stockTotal": 12.149855920839338,
                "inputAmount": 37000,
                "outputAmount": 32625.63198114013,
                "profitAmount": -4374.36801885987
            }
        },
        {
            "date": "2020-03-17",
            "Pay": 1000,
            "StockPrice": "2796.283936",
            "stockBuy": 0.3576174747942335,
            "accumulateResult": {
                "resProfitPerYear": -1.7101549652637313,
                "resProfitTotal": -7.961981746953883,
                "duration": 4.6557077625570775,
                "stockTotal": 12.507473395633571,
                "inputAmount": 38000,
                "outputAmount": 34974.446936157525,
                "profitAmount": -3025.5530638424752
            }
        },
        {
            "date": "2020-04-29",
            "Pay": 1000,
            "StockPrice": "2801.383057",
            "stockBuy": 0.35696653390589844,
            "accumulateResult": {
                "resProfitPerYear": -1.5909231937892874,
                "resProfitTotal": -7.594297291266305,
                "duration": 4.77351598173516,
                "stockTotal": 12.86443992953947,
                "inputAmount": 39000,
                "outputAmount": 36038.22405640614,
                "profitAmount": -2961.775943593857
            }
        },
        {
            "date": "2020-06-15",
            "Pay": 1000,
            "StockPrice": "2908.280029",
            "stockBuy": 0.3438458436011906,
            "accumulateResult": {
                "resProfitPerYear": -0.8091159948639884,
                "resProfitTotal": -3.96651567162547,
                "duration": 4.902283105022831,
                "stockTotal": 13.20828577314066,
                "inputAmount": 40000,
                "outputAmount": 38413.39373134981,
                "profitAmount": -1586.60626865019
            }
        },
        {
            "date": "2020-07-29",
            "Pay": 1000,
            "StockPrice": "3221.988037",
            "stockBuy": 0.3103673845204907,
            "accumulateResult": {
                "resProfitPerYear": 1.2416177080348016,
                "resProfitTotal": 6.23643597643051,
                "duration": 5.0228310502283104,
                "stockTotal": 13.518653157661152,
                "inputAmount": 41000,
                "outputAmount": 43556.93875033651,
                "profitAmount": 2556.938750336507
            }
        },
        {
            "date": "2020-09-09",
            "Pay": 1000,
            "StockPrice": "3280.997070",
            "stockBuy": 0.30478539866541243,
            "accumulateResult": {
                "resProfitPerYear": 1.5545825646626117,
                "resProfitTotal": 7.987289049124979,
                "duration": 5.137899543378995,
                "stockTotal": 13.823438556326565,
                "inputAmount": 42000,
                "outputAmount": 45354.66140063249,
                "profitAmount": 3354.661400632489
            }
        },
        {
            "date": "2020-10-29",
            "Pay": 1000,
            "StockPrice": "3235.760010",
            "stockBuy": 0.3090464054532895,
            "accumulateResult": {
                "resProfitPerYear": 1.203301552926596,
                "resProfitTotal": 6.347278328496819,
                "duration": 5.274885844748858,
                "stockTotal": 14.132484961779854,
                "inputAmount": 43000,
                "outputAmount": 45729.32968125363,
                "profitAmount": 2729.329681253628
            }
        },
        {
            "date": "2020-12-10",
            "Pay": 1000,
            "StockPrice": "3365.730957",
            "stockBuy": 0.29711228044541527,
            "accumulateResult": {
                "resProfitPerYear": 1.9253587528277618,
                "resProfitTotal": 10.377595761816849,
                "duration": 5.389954337899543,
                "stockTotal": 14.429597242225269,
                "inputAmount": 44000,
                "outputAmount": 48566.142135199414,
                "profitAmount": 4566.142135199414
            }
        }
    ],
    "resProfitPerYear": 1.9253587528277618,
    "resProfitTotal": 10.377595761816849,
    "duration": 5.389954337899543,
    "stockTotal": 14.429597242225269,
    "startPrice": "3467.398926",
    "endPrice": "3365.730957",
    "inputAmount": 44000,
    "outputAmount": 48566.142135199414,
    "profitAmount": 4566.142135199414,
    "startDate": "2015-7-23",
    "amountPerCycle": 1000,
    "cycleDuration": 30,
    "targetProfitPerYear": 10,
    "stockName": "SSE50_from_1997",
    "endDate": "2020-12-10"
}