{
    "buyHistory": [
        {
            "date": "2015-04-13",
            "Pay": 1000,
            "StockPrice": "4072.722900",
            "stockBuy": 0.2455359779080477,
            "accumulateResult": {
                "resProfitPerYear": 0,
                "resProfitTotal": 0,
                "duration": 0.031050228310502286,
                "stockTotal": 0.2455359779080477,
                "inputAmount": 1000,
                "outputAmount": 1000,
                "profitAmount": 0
            }
        },
        {
            "date": "2015-05-26",
            "Pay": 1000,
            "StockPrice": "4854.850098",
            "stockBuy": 0.2059795832649826,
            "accumulateResult": {
                "resProfitPerYear": 64.50435620193414,
                "resProfitTotal": 9.602018320470563,
                "duration": 0.14885844748858448,
                "stockTotal": 0.4515155611730303,
                "inputAmount": 2000,
                "outputAmount": 2192.040366409411,
                "profitAmount": 192.04036640941104
            }
        },
        {
            "date": "2015-07-08",
            "Pay": 1000,
            "StockPrice": "3467.398926",
            "stockBuy": 0.28840061998681027,
            "accumulateResult": {
                "resProfitPerYear": -54.301928514543405,
                "resProfitTotal": -14.480514270544909,
                "duration": 0.26666666666666666,
                "stockTotal": 0.7399161811598406,
                "inputAmount": 3000,
                "outputAmount": 2565.5845718836526,
                "profitAmount": -434.41542811634736
            }
        },
        {
            "date": "2015-08-19",
            "Pay": 1000,
            "StockPrice": "3646.802979",
            "stockBuy": 0.27421278466603993,
            "accumulateResult": {
                "resProfitPerYear": -19.756594236717053,
                "resProfitTotal": -7.541786658399752,
                "duration": 0.3817351598173516,
                "stockTotal": 1.0141289658258805,
                "inputAmount": 4000,
                "outputAmount": 3698.32853366401,
                "profitAmount": -301.67146633598986
            }
        },
        {
            "date": "2015-10-09",
            "Pay": 1000,
            "StockPrice": "3146.644043",
            "stockBuy": 0.31779889505601766,
            "accumulateResult": {
                "resProfitPerYear": -31.024250727881494,
                "resProfitTotal": -16.17794261700487,
                "duration": 0.5214611872146119,
                "stockTotal": 1.331927860881898,
                "inputAmount": 5000,
                "outputAmount": 4191.102869149757,
                "profitAmount": -808.8971308502432
            }
        },
        {
            "date": "2015-11-20",
            "Pay": 1000,
            "StockPrice": "3620.791016",
            "stockBuy": 0.2761827444834778,
            "accumulateResult": {
                "resProfitPerYear": -4.644129274457295,
                "resProfitTotal": -2.9561261226454194,
                "duration": 0.6365296803652968,
                "stockTotal": 1.608110605365376,
                "inputAmount": 6000,
                "outputAmount": 5822.632432641275,
                "profitAmount": -177.36756735872495
            }
        },
        {
            "date": "2016-01-04",
            "Pay": 1000,
            "StockPrice": "3536.589111",
            "stockBuy": 0.2827583212563932,
            "accumulateResult": {
                "resProfitPerYear": -5.88061522047402,
                "resProfitTotal": -4.468193482588479,
                "duration": 0.7598173515981734,
                "stockTotal": 1.8908689266217693,
                "inputAmount": 7000,
                "outputAmount": 6687.226456218807,
                "profitAmount": -312.77354378119344
            }
        },
        {
            "date": "2016-02-22",
            "Pay": 1000,
            "StockPrice": "2888.597900",
            "stockBuy": 0.34618871667808104,
            "accumulateResult": {
                "resProfitPerYear": -21.503495765790195,
                "resProfitTotal": -19.22549986731379,
                "duration": 0.8940639269406392,
                "stockTotal": 2.2370576432998504,
                "inputAmount": 8000,
                "outputAmount": 6461.960010614897,
                "profitAmount": -1538.0399893851027
            }
        },
        {
            "date": "2016-04-05",
            "Pay": 1000,
            "StockPrice": "3000.937988",
            "stockBuy": 0.33322914502024026,
            "accumulateResult": {
                "resProfitPerYear": -14.129241545115526,
                "resProfitTotal": -14.296985965285847,
                "duration": 1.0118721461187214,
                "stockTotal": 2.5702867883200904,
                "inputAmount": 9000,
                "outputAmount": 7713.271263124274,
                "profitAmount": -1286.728736875726
            }
        },
        {
            "date": "2016-05-18",
            "Pay": 1000,
            "StockPrice": "2828.177979",
            "stockBuy": 0.35358453655508076,
            "accumulateResult": {
                "resProfitPerYear": -15.320895704014077,
                "resProfitTotal": -17.30771505558485,
                "duration": 1.1296803652968035,
                "stockTotal": 2.9238713248751713,
                "inputAmount": 10000,
                "outputAmount": 8269.228494441515,
                "profitAmount": -1730.771505558485
            }
        },
        {
            "date": "2016-07-01",
            "Pay": 1000,
            "StockPrice": "2931.802002",
            "stockBuy": 0.3410871536747112,
            "accumulateResult": {
                "resProfitPerYear": -10.382017894773456,
                "resProfitTotal": -12.97989269218709,
                "duration": 1.2502283105022831,
                "stockTotal": 3.2649584785498824,
                "inputAmount": 11000,
                "outputAmount": 9572.21180385942,
                "profitAmount": -1427.78819614058
            }
        },
        {
            "date": "2016-08-12",
            "Pay": 1000,
            "StockPrice": "3000.272949",
            "stockBuy": 0.3333030084257177,
            "accumulateResult": {
                "resProfitPerYear": -7.350254013001427,
                "resProfitTotal": -10.03527830998825,
                "duration": 1.365296803652968,
                "stockTotal": 3.5982614869756,
                "inputAmount": 12000,
                "outputAmount": 10795.76660280141,
                "profitAmount": -1204.23339719859
            }
        },
        {
            "date": "2016-09-27",
            "Pay": 1000,
            "StockPrice": "2974.593018",
            "stockBuy": 0.336180443492186,
            "accumulateResult": {
                "resProfitPerYear": -6.688101049389848,
                "resProfitTotal": -9.974126953108332,
                "duration": 1.4913242009132421,
                "stockTotal": 3.934441930467786,
                "inputAmount": 13000,
                "outputAmount": 11703.363496095917,
                "profitAmount": -1296.636503904083
            }
        },
        {
            "date": "2016-11-15",
            "Pay": 1000,
            "StockPrice": "3209.955078",
            "stockBuy": 0.31153083943562904,
            "accumulateResult": {
                "resProfitPerYear": -1.6285187403198016,
                "resProfitTotal": -2.6472724728486274,
                "duration": 1.625570776255708,
                "stockTotal": 4.245972769903415,
                "inputAmount": 14000,
                "outputAmount": 13629.381853801193,
                "profitAmount": -370.61814619880715
            }
        },
        {
            "date": "2016-12-27",
            "Pay": 1000,
            "StockPrice": "3117.386963",
            "stockBuy": 0.32078147880545943,
            "accumulateResult": {
                "resProfitPerYear": -2.9248252075056165,
                "resProfitTotal": -5.091065612333978,
                "duration": 1.7406392694063928,
                "stockTotal": 4.566754248708874,
                "inputAmount": 15000,
                "outputAmount": 14236.340158149904,
                "profitAmount": -763.6598418500962
            }
        },
        {
            "date": "2017-02-15",
            "Pay": 1000,
            "StockPrice": "3215.464111",
            "stockBuy": 0.31099709574709045,
            "accumulateResult": {
                "resProfitPerYear": -1.0510801994900059,
                "resProfitTotal": -1.973535059499043,
                "duration": 1.877625570776256,
                "stockTotal": 4.877751344455965,
                "inputAmount": 16000,
                "outputAmount": 15684.234390480153,
                "profitAmount": -315.7656095198472
            }
        },
        {
            "date": "2017-03-29",
            "Pay": 1000,
            "StockPrice": "3252.864990",
            "stockBuy": 0.3074213049340237,
            "accumulateResult": {
                "resProfitPerYear": -0.393594912262547,
                "resProfitTotal": -0.7843142452574225,
                "duration": 1.9926940639269408,
                "stockTotal": 5.185172649389989,
                "inputAmount": 17000,
                "outputAmount": 16866.666578306238,
                "profitAmount": -133.33342169376192
            }
        },
        {
            "date": "2017-05-15",
            "Pay": 1000,
            "StockPrice": "3085.931885",
            "stockBuy": 0.3240512225369485,
            "accumulateResult": {
                "resProfitPerYear": -2.6158867347280124,
                "resProfitTotal": -5.549502177875043,
                "duration": 2.121461187214612,
                "stockTotal": 5.509223871926937,
                "inputAmount": 18000,
                "outputAmount": 17001.089607982492,
                "profitAmount": -998.9103920175075
            }
        },
        {
            "date": "2017-06-28",
            "Pay": 1000,
            "StockPrice": "3183.633057",
            "stockBuy": 0.31410655125635606,
            "accumulateResult": {
                "resProfitPerYear": -1.0813908787592559,
                "resProfitTotal": -2.4244882258940392,
                "duration": 2.2420091324200913,
                "stockTotal": 5.823330423183293,
                "inputAmount": 19000,
                "outputAmount": 18539.347237080132,
                "profitAmount": -460.6527629198681
            }
        },
        {
            "date": "2017-08-09",
            "Pay": 1000,
            "StockPrice": "3277.808105",
            "stockBuy": 0.3050819230310006,
            "accumulateResult": {
                "resProfitPerYear": 0.1861620047028057,
                "resProfitTotal": 0.438798296016385,
                "duration": 2.3570776255707764,
                "stockTotal": 6.128412346214294,
                "inputAmount": 20000,
                "outputAmount": 20087.75965920328,
                "profitAmount": 87.75965920327872
            }
        },
        {
            "date": "2017-09-20",
            "Pay": 1000,
            "StockPrice": "3352.185059",
            "stockBuy": 0.298312886192003,
            "accumulateResult": {
                "resProfitPerYear": 1.0470414816892744,
                "resProfitTotal": 2.588439535098508,
                "duration": 2.4721461187214615,
                "stockTotal": 6.426725232406296,
                "inputAmount": 21000,
                "outputAmount": 21543.57230237069,
                "profitAmount": 543.5723023706887
            }
        },
        {
            "date": "2017-11-08",
            "Pay": 1000,
            "StockPrice": "3409.146973",
            "stockBuy": 0.2933285094247534,
            "accumulateResult": {
                "resProfitPerYear": 1.5863982054451564,
                "resProfitTotal": 4.134776692548381,
                "duration": 2.6063926940639273,
                "stockTotal": 6.72005374183105,
                "inputAmount": 22000,
                "outputAmount": 22909.650872360646,
                "profitAmount": 909.6508723606457
            }
        },
        {
            "date": "2017-12-20",
            "Pay": 1000,
            "StockPrice": "3296.739990",
            "stockBuy": 0.3033299571799109,
            "accumulateResult": {
                "resProfitPerYear": 0.24646271765348388,
                "resProfitTotal": 0.67073872018939,
                "duration": 2.721461187214612,
                "stockTotal": 7.023383699010961,
                "inputAmount": 23000,
                "outputAmount": 23154.26990564356,
                "profitAmount": 154.26990564355947
            }
        },
        {
            "date": "2018-02-01",
            "Pay": 1000,
            "StockPrice": "3478.669922",
            "stockBuy": 0.2874661932354501,
            "accumulateResult": {
                "resProfitPerYear": 2.1015289197141573,
                "resProfitTotal": 5.966806768393895,
                "duration": 2.839269406392694,
                "stockTotal": 7.310849892246411,
                "inputAmount": 24000,
                "outputAmount": 25432.033624414533,
                "profitAmount": 1432.0336244145328
            }
        },
        {
            "date": "2018-03-22",
            "Pay": 1000,
            "StockPrice": "3281.264893",
            "stockBuy": 0.30476052150904476,
            "accumulateResult": {
                "resProfitPerYear": -0.015019136466859965,
                "resProfitTotal": -0.04465964231606945,
                "duration": 2.9735159817351597,
                "stockTotal": 7.615610413755456,
                "inputAmount": 25000,
                "outputAmount": 24988.835089420983,
                "profitAmount": -11.164910579016578
            }
        },
        {
            "date": "2018-05-09",
            "Pay": 1000,
            "StockPrice": "3160.137939",
            "stockBuy": 0.3164418830136389,
            "accumulateResult": {
                "resProfitPerYear": -1.1564644345231276,
                "resProfitTotal": -3.590848472491903,
                "duration": 3.105022831050228,
                "stockTotal": 7.932052296769095,
                "inputAmount": 26000,
                "outputAmount": 25066.379397152105,
                "profitAmount": -933.6206028478955
            }
        },
        {
            "date": "2018-06-21",
            "Pay": 1000,
            "StockPrice": "2912.002930",
            "stockBuy": 0.34340624787764207,
            "accumulateResult": {
                "resProfitPerYear": -3.334818714387882,
                "resProfitTotal": -10.74755729961172,
                "duration": 3.22283105022831,
                "stockTotal": 8.275458544646737,
                "inputAmount": 27000,
                "outputAmount": 24098.159529104836,
                "profitAmount": -2901.840470895164
            }
        },
        {
            "date": "2018-08-02",
            "Pay": 1000,
            "StockPrice": "2815.343994",
            "stockBuy": 0.35519638173210033,
            "accumulateResult": {
                "resProfitPerYear": -3.960721663242575,
                "resProfitTotal": -13.220491031188686,
                "duration": 3.3378995433789953,
                "stockTotal": 8.630654926378837,
                "inputAmount": 28000,
                "outputAmount": 24298.262511267167,
                "profitAmount": -3701.7374887328333
            }
        },
        {
            "date": "2018-09-13",
            "Pay": 1000,
            "StockPrice": "2679.208008",
            "stockBuy": 0.37324462938825315,
            "accumulateResult": {
                "resProfitPerYear": -4.870053376339485,
                "resProfitTotal": -16.81613864469369,
                "duration": 3.45296803652968,
                "stockTotal": 9.00389955576709,
                "inputAmount": 29000,
                "outputAmount": 24123.31979303883,
                "profitAmount": -4876.6802069611695
            }
        },
        {
            "date": "2018-11-02",
            "Pay": 1000,
            "StockPrice": "2649.250977",
            "stockBuy": 0.3774651811707155,
            "accumulateResult": {
                "resProfitPerYear": -4.778529029132722,
                "resProfitTotal": -17.154701016913908,
                "duration": 3.589954337899543,
                "stockTotal": 9.381364736937805,
                "inputAmount": 30000,
                "outputAmount": 24853.589694925828,
                "profitAmount": -5146.410305074172
            }
        },
        {
            "date": "2018-12-14",
            "Pay": 1000,
            "StockPrice": "2627.282959",
            "stockBuy": 0.380621355067374,
            "accumulateResult": {
                "resProfitPerYear": -4.660195299605911,
                "resProfitTotal": -17.266129982192858,
                "duration": 3.7050228310502282,
                "stockTotal": 9.761986092005179,
                "inputAmount": 31000,
                "outputAmount": 25647.499705520215,
                "profitAmount": -5352.500294479785
            }
        },
        {
            "date": "2019-01-29",
            "Pay": 1000,
            "StockPrice": "2592.354980",
            "stockBuy": 0.3857496398892099,
            "accumulateResult": {
                "resProfitPerYear": -4.644179141813989,
                "resProfitTotal": -17.792083561561356,
                "duration": 3.831050228310502,
                "stockTotal": 10.14773573189439,
                "inputAmount": 32000,
                "outputAmount": 26306.533260300366,
                "profitAmount": -5693.466739699634
            }
        },
        {
            "date": "2019-03-19",
            "Pay": 1000,
            "StockPrice": "3099.896973",
            "stockBuy": 0.32259136632925767,
            "accumulateResult": {
                "resProfitPerYear": -0.41501323958853437,
                "resProfitTotal": -1.6456506724140785,
                "duration": 3.9652968036529677,
                "stockTotal": 10.470327098223647,
                "inputAmount": 33000,
                "outputAmount": 32456.935278103356,
                "profitAmount": -543.0647218966442
            }
        },
        {
            "date": "2019-05-08",
            "Pay": 1000,
            "StockPrice": "2873.143066",
            "stockBuy": 0.34805088957585517,
            "accumulateResult": {
                "resProfitPerYear": -2.0915557510021565,
                "resProfitTotal": -8.580153820549485,
                "duration": 4.102283105022831,
                "stockTotal": 10.818377987799503,
                "inputAmount": 34000,
                "outputAmount": 31082.747701013173,
                "profitAmount": -2917.2522989868266
            }
        },
        {
            "date": "2019-06-20",
            "Pay": 1000,
            "StockPrice": "2917.331055",
            "stockBuy": 0.3427790611168742,
            "accumulateResult": {
                "resProfitPerYear": -1.6514266392266312,
                "resProfitTotal": -6.9691712327545785,
                "duration": 4.220091324200913,
                "stockTotal": 11.161157048916376,
                "inputAmount": 35000,
                "outputAmount": 32560.790068535898,
                "profitAmount": -2439.209931464102
            }
        },
        {
            "date": "2019-08-01",
            "Pay": 1000,
            "StockPrice": "2920.850098",
            "stockBuy": 0.34236608057521756,
            "accumulateResult": {
                "resProfitPerYear": -1.5377706429603153,
                "resProfitTotal": -6.666481499664489,
                "duration": 4.335159817351598,
                "stockTotal": 11.503523129491594,
                "inputAmount": 36000,
                "outputAmount": 33600.066660120785,
                "profitAmount": -2399.933339879215
            }
        },
        {
            "date": "2019-09-12",
            "Pay": 1000,
            "StockPrice": "3016.629883",
            "stockBuy": 0.33149575479425825,
            "accumulateResult": {
                "resProfitPerYear": -0.7883764165115055,
                "resProfitTotal": -3.508455048091841,
                "duration": 4.450228310502283,
                "stockTotal": 11.835018884285851,
                "inputAmount": 37000,
                "outputAmount": 35701.87163220602,
                "profitAmount": -1298.1283677939791
            }
        },
        {
            "date": "2019-11-01",
            "Pay": 1000,
            "StockPrice": "2924.340088",
            "stockBuy": 0.3419574912314371,
            "accumulateResult": {
                "resProfitPerYear": -1.3713056355073048,
                "resProfitTotal": -6.290473248541728,
                "duration": 4.587214611872146,
                "stockTotal": 12.176976375517288,
                "inputAmount": 38000,
                "outputAmount": 35609.620165554144,
                "profitAmount": -2390.3798344458555
            }
        },
        {
            "date": "2019-12-13",
            "Pay": 1000,
            "StockPrice": "2937.775879",
            "stockBuy": 0.3403935634260819,
            "accumulateResult": {
                "resProfitPerYear": -1.2142342375235682,
                "resProfitTotal": -5.709673140647354,
                "duration": 4.702283105022831,
                "stockTotal": 12.51736993894337,
                "inputAmount": 39000,
                "outputAmount": 36773.227475147534,
                "profitAmount": -2226.7725248524657
            }
        },
        {
            "date": "2020-02-04",
            "Pay": 1000,
            "StockPrice": "2685.269043",
            "stockBuy": 0.3724021630558082,
            "accumulateResult": {
                "resProfitPerYear": -2.778497519535771,
                "resProfitTotal": -13.468735007941435,
                "duration": 4.847488584474886,
                "stockTotal": 12.889772101999178,
                "inputAmount": 40000,
                "outputAmount": 34612.50599682343,
                "profitAmount": -5387.494003176573
            }
        },
        {
            "date": "2020-03-17",
            "Pay": 1000,
            "StockPrice": "2796.283936",
            "stockBuy": 0.3576174747942335,
            "accumulateResult": {
                "resProfitPerYear": -1.9445803652989915,
                "resProfitTotal": -9.650091054826227,
                "duration": 4.96255707762557,
                "stockTotal": 13.247389576793411,
                "inputAmount": 41000,
                "outputAmount": 37043.46266752125,
                "profitAmount": -3956.5373324787506
            }
        },
        {
            "date": "2020-04-29",
            "Pay": 1000,
            "StockPrice": "2801.383057",
            "stockBuy": 0.35696653390589844,
            "accumulateResult": {
                "resProfitPerYear": -1.822603889067787,
                "resProfitTotal": -9.259493547839359,
                "duration": 5.080365296803652,
                "stockTotal": 13.60435611069931,
                "inputAmount": 42000,
                "outputAmount": 38111.01270990747,
                "profitAmount": -3888.987290092533
            }
        },
        {
            "date": "2020-06-15",
            "Pay": 1000,
            "StockPrice": "2908.280029",
            "stockBuy": 0.3438458436011906,
            "accumulateResult": {
                "resProfitPerYear": -1.086965280731084,
                "resProfitTotal": -5.662146083369956,
                "duration": 5.209132420091324,
                "stockTotal": 13.948201954300501,
                "inputAmount": 43000,
                "outputAmount": 40565.27718415092,
                "profitAmount": -2434.7228158490834
            }
        },
        {
            "date": "2020-07-29",
            "Pay": 1000,
            "StockPrice": "3221.988037",
            "stockBuy": 0.3103673845204907,
            "accumulateResult": {
                "resProfitPerYear": 0.8276719416652838,
                "resProfitTotal": 4.411226896400544,
                "duration": 5.329680365296803,
                "stockTotal": 14.258569338820992,
                "inputAmount": 44000,
                "outputAmount": 45940.93983441624,
                "profitAmount": 1940.93983441624
            }
        },
        {
            "date": "2020-09-09",
            "Pay": 1000,
            "StockPrice": "3280.997070",
            "stockBuy": 0.30478539866541243,
            "accumulateResult": {
                "resProfitPerYear": 1.135579046648981,
                "resProfitTotal": 6.182942717918927,
                "duration": 5.444748858447489,
                "stockTotal": 14.563354737486405,
                "inputAmount": 45000,
                "outputAmount": 47782.324223063515,
                "profitAmount": 2782.324223063515
            }
        },
        {
            "date": "2020-10-29",
            "Pay": 1000,
            "StockPrice": "3235.760010",
            "stockBuy": 0.3090464054532895,
            "accumulateResult": {
                "resProfitPerYear": 0.8270456385683884,
                "resProfitTotal": 4.616349719570767,
                "duration": 5.5817351598173515,
                "stockTotal": 14.872401142939694,
                "inputAmount": 46000,
                "outputAmount": 48123.520871002554,
                "profitAmount": 2123.5208710025545
            }
        },
        {
            "date": "2020-12-10",
            "Pay": 1000,
            "StockPrice": "3365.730957",
            "stockBuy": 0.29711228044541527,
            "accumulateResult": {
                "resProfitPerYear": 1.5150343195879643,
                "resProfitTotal": 8.63085304620066,
                "duration": 5.696803652968037,
                "stockTotal": 15.169513423385109,
                "inputAmount": 47000,
                "outputAmount": 51056.50093171431,
                "profitAmount": 4056.500931714312
            }
        }
    ],
    "resProfitPerYear": 1.5150343195879643,
    "resProfitTotal": 8.63085304620066,
    "duration": 5.696803652968037,
    "stockTotal": 15.169513423385109,
    "startPrice": "3296.831055",
    "endPrice": "3365.730957",
    "inputAmount": 47000,
    "outputAmount": 51056.50093171431,
    "profitAmount": 4056.500931714312,
    "startDate": "2015-4-2",
    "amountPerCycle": 1000,
    "cycleDuration": 30,
    "targetProfitPerYear": 10,
    "stockName": "SSE50_from_1997",
    "endDate": "2020-12-10"
}